
INSERT INTO `libra`.`ProgettoFormativo` (`id`, `ambito`, `periodoReport`, `stato`, `aziendaEmail`, `studenteEmail`, `tutorInternoEmail`, `dataInizio`) VALUES ('1000', 'J2EE', '7', '4', 'admin@amazon.it', 'studenteTest1000@studenti.unisa.it', 'tutor@unisa.it', '20170910');
INSERT INTO `libra`.`Utente` (`email`, `password`, `ruolo`) VALUES ('studenteTest1010@studenti.unisa.it', '123123123', 'Studente');
INSERT INTO `libra`.`Studente` (`utenteEmail`, `cognome`, `matricola`, `nome`) VALUES ('studenteTest1010@studenti.unisa.it', 'Test1010', '051210111010', 'Studente');
INSERT INTO `libra`.`ProgettoFormativo` (`id`, `ambito`, `periodoReport`, `stato`, `aziendaEmail`, `studenteEmail`, `tutorInternoEmail`, `dataInizio`) VALUES ('1010', 'J2EE', '7', '4', 'admin@amazon.it', 'studenteTest1010@studenti.unisa.it', 'tutor@unisa.it', '20171010');
INSERT INTO `libra`.`Utente` (`email`, `password`, `ruolo`) VALUES ('studenteTest1020@studenti.unisa.it', '123123123', 'Studente');
INSERT INTO `libra`.`Studente` (`utenteEmail`, `cognome`, `matricola`, `nome`) VALUES ('studenteTest1020@studenti.unisa.it', 'Test1020', '051210111020', 'Studente');
INSERT INTO `libra`.`ProgettoFormativo` (`id`, `ambito`, `periodoReport`, `stato`, `aziendaEmail`, `studenteEmail`, `tutorInternoEmail`, `dataInizio`) VALUES ('1020', 'J2EE', '7', '4', 'admin@amazon.it', 'studenteTest1020@studenti.unisa.it', 'tutor@unisa.it', '20171110');
INSERT INTO `libra`.`Utente` (`email`, `password`, `ruolo`) VALUES ('studenteTest1030@studenti.unisa.it', '123123123', 'Studente');
INSERT INTO `libra`.`Studente` (`utenteEmail`, `cognome`, `matricola`, `nome`) VALUES ('studenteTest1030@studenti.unisa.it', 'Test1030', '051210111030', 'Studente');
INSERT INTO `libra`.`ProgettoFormativo` (`id`, `ambito`, `periodoReport`, `stato`, `aziendaEmail`, `studenteEmail`, `tutorInternoEmail`, `dataInizio`) VALUES ('1030', 'J2EE', '7', '4', 'admin@amazon.it', 'studenteTest1030@studenti.unisa.it', 'tutor@unisa.it', '20171210');
INSERT INTO `libra`.`Utente` (`email`, `password`, `ruolo`) VALUES ('studenteTest1041@studenti.unisa.it', '123123123', 'Studente');
INSERT INTO `libra`.`Studente` (`utenteEmail`, `cognome`, `matricola`, `nome`) VALUES ('studenteTest1041@studenti.unisa.it', 'Test1041', '051210111041', 'Studente');
INSERT INTO `libra`.`ProgettoFormativo` (`id`, `ambito`, `periodoReport`, `stato`, `aziendaEmail`, `studenteEmail`, `tutorInternoEmail`, `dataInizio`) VALUES ('1041', 'J2EE', '7', '4', 'admin@amazon.it', 'studenteTest1041@studenti.unisa.it', 'tutor@unisa.it', '20170910');
INSERT INTO `libra`.`Utente` (`email`, `password`, `ruolo`) VALUES ('studenteTest1051@studenti.unisa.it', '123123123', 'Studente');
INSERT INTO `libra`.`Studente` (`utenteEmail`, `cognome`, `matricola`, `nome`) VALUES ('studenteTest1051@studenti.unisa.it', 'Test1051', '051210111051', 'Studente');
INSERT INTO `libra`.`ProgettoFormativo` (`id`, `ambito`, `periodoReport`, `stato`, `aziendaEmail`, `studenteEmail`, `tutorInternoEmail`, `dataInizio`) VALUES ('1051', 'J2EE', '7', '4', 'admin@amazon.it', 'studenteTest1051@studenti.unisa.it', 'tutor@unisa.it', '20171010');
INSERT INTO `libra`.`Utente` (`email`, `password`, `ruolo`) VALUES ('studenteTest1061@studenti.unisa.it', '123123123', 'Studente');
INSERT INTO `libra`.`Studente` (`utenteEmail`, `cognome`, `matricola`, `nome`) VALUES ('studenteTest1061@studenti.unisa.it', 'Test1061', '051210111061', 'Studente');
INSERT INTO `libra`.`ProgettoFormativo` (`id`, `ambito`, `periodoReport`, `stato`, `aziendaEmail`, `studenteEmail`, `tutorInternoEmail`, `dataInizio`) VALUES ('1061', 'J2EE', '7', '4', 'admin@amazon.it', 'studenteTest1061@studenti.unisa.it', 'tutor@unisa.it', '20171110');
INSERT INTO `libra`.`Utente` (`email`, `password`, `ruolo`) VALUES ('studenteTest1071@studenti.unisa.it', '123123123', 'Studente');
INSERT INTO `libra`.`Studente` (`utenteEmail`, `cognome`, `matricola`, `nome`) VALUES ('studenteTest1071@studenti.unisa.it', 'Test1071', '051210111071', 'Studente');
INSERT INTO `libra`.`ProgettoFormativo` (`id`, `ambito`, `periodoReport`, `stato`, `aziendaEmail`, `studenteEmail`, `tutorInternoEmail`, `dataInizio`) VALUES ('1071', 'J2EE', '7', '4', 'admin@amazon.it', 'studenteTest1071@studenti.unisa.it', 'tutor@unisa.it', '20171210');
INSERT INTO `libra`.`Utente` (`email`, `password`, `ruolo`) VALUES ('studenteTest1082@studenti.unisa.it', '123123123', 'Studente');
INSERT INTO `libra`.`Studente` (`utenteEmail`, `cognome`, `matricola`, `nome`) VALUES ('studenteTest1082@studenti.unisa.it', 'Test1082', '051210111082', 'Studente');
INSERT INTO `libra`.`ProgettoFormativo` (`id`, `ambito`, `periodoReport`, `stato`, `aziendaEmail`, `studenteEmail`, `tutorInternoEmail`, `dataInizio`) VALUES ('1082', 'J2EE', '7', '4', 'admin@amazon.it', 'studenteTest1082@studenti.unisa.it', 'tutor@unisa.it', '20170910');
INSERT INTO `libra`.`Utente` (`email`, `password`, `ruolo`) VALUES ('studenteTest1092@studenti.unisa.it', '123123123', 'Studente');
INSERT INTO `libra`.`Studente` (`utenteEmail`, `cognome`, `matricola`, `nome`) VALUES ('studenteTest1092@studenti.unisa.it', 'Test1092', '051210111092', 'Studente');
INSERT INTO `libra`.`ProgettoFormativo` (`id`, `ambito`, `periodoReport`, `stato`, `aziendaEmail`, `studenteEmail`, `tutorInternoEmail`, `dataInizio`) VALUES ('1092', 'J2EE', '7', '4', 'admin@amazon.it', 'studenteTest1092@studenti.unisa.it', 'tutor@unisa.it', '20171010');
INSERT INTO `libra`.`Utente` (`email`, `password`, `ruolo`) VALUES ('studenteTest1102@studenti.unisa.it', '123123123', 'Studente');
INSERT INTO `libra`.`Studente` (`utenteEmail`, `cognome`, `matricola`, `nome`) VALUES ('studenteTest1102@studenti.unisa.it', 'Test1102', '051210111102', 'Studente');
INSERT INTO `libra`.`ProgettoFormativo` (`id`, `ambito`, `periodoReport`, `stato`, `aziendaEmail`, `studenteEmail`, `tutorInternoEmail`, `dataInizio`) VALUES ('1102', 'J2EE', '7', '4', 'admin@amazon.it', 'studenteTest1102@studenti.unisa.it', 'tutor@unisa.it', '20171110');
INSERT INTO `libra`.`Utente` (`email`, `password`, `ruolo`) VALUES ('studenteTest1112@studenti.unisa.it', '123123123', 'Studente');
INSERT INTO `libra`.`Studente` (`utenteEmail`, `cognome`, `matricola`, `nome`) VALUES ('studenteTest1112@studenti.unisa.it', 'Test1112', '051210111112', 'Studente');
INSERT INTO `libra`.`ProgettoFormativo` (`id`, `ambito`, `periodoReport`, `stato`, `aziendaEmail`, `studenteEmail`, `tutorInternoEmail`, `dataInizio`) VALUES ('1112', 'J2EE', '7', '4', 'admin@amazon.it', 'studenteTest1112@studenti.unisa.it', 'tutor@unisa.it', '20171210');
INSERT INTO `libra`.`Utente` (`email`, `password`, `ruolo`) VALUES ('studenteTest1123@studenti.unisa.it', '123123123', 'Studente');
INSERT INTO `libra`.`Studente` (`utenteEmail`, `cognome`, `matricola`, `nome`) VALUES ('studenteTest1123@studenti.unisa.it', 'Test1123', '051210111123', 'Studente');
INSERT INTO `libra`.`ProgettoFormativo` (`id`, `ambito`, `periodoReport`, `stato`, `aziendaEmail`, `studenteEmail`, `tutorInternoEmail`, `dataInizio`) VALUES ('1123', 'J2EE', '7', '4', 'admin@amazon.it', 'studenteTest1123@studenti.unisa.it', 'tutor@unisa.it', '20170910');
INSERT INTO `libra`.`Utente` (`email`, `password`, `ruolo`) VALUES ('studenteTest1133@studenti.unisa.it', '123123123', 'Studente');
INSERT INTO `libra`.`Studente` (`utenteEmail`, `cognome`, `matricola`, `nome`) VALUES ('studenteTest1133@studenti.unisa.it', 'Test1133', '051210111133', 'Studente');
INSERT INTO `libra`.`ProgettoFormativo` (`id`, `ambito`, `periodoReport`, `stato`, `aziendaEmail`, `studenteEmail`, `tutorInternoEmail`, `dataInizio`) VALUES ('1133', 'J2EE', '7', '4', 'admin@amazon.it', 'studenteTest1133@studenti.unisa.it', 'tutor@unisa.it', '20171010');
INSERT INTO `libra`.`Utente` (`email`, `password`, `ruolo`) VALUES ('studenteTest1143@studenti.unisa.it', '123123123', 'Studente');
INSERT INTO `libra`.`Studente` (`utenteEmail`, `cognome`, `matricola`, `nome`) VALUES ('studenteTest1143@studenti.unisa.it', 'Test1143', '051210111143', 'Studente');
INSERT INTO `libra`.`ProgettoFormativo` (`id`, `ambito`, `periodoReport`, `stato`, `aziendaEmail`, `studenteEmail`, `tutorInternoEmail`, `dataInizio`) VALUES ('1143', 'J2EE', '7', '4', 'admin@amazon.it', 'studenteTest1143@studenti.unisa.it', 'tutor@unisa.it', '20171110');
INSERT INTO `libra`.`Utente` (`email`, `password`, `ruolo`) VALUES ('studenteTest1153@studenti.unisa.it', '123123123', 'Studente');
INSERT INTO `libra`.`Studente` (`utenteEmail`, `cognome`, `matricola`, `nome`) VALUES ('studenteTest1153@studenti.unisa.it', 'Test1153', '051210111153', 'Studente');
INSERT INTO `libra`.`ProgettoFormativo` (`id`, `ambito`, `periodoReport`, `stato`, `aziendaEmail`, `studenteEmail`, `tutorInternoEmail`, `dataInizio`) VALUES ('1153', 'J2EE', '7', '4', 'admin@amazon.it', 'studenteTest1153@studenti.unisa.it', 'tutor@unisa.it', '20171210');
INSERT INTO `libra`.`Utente` (`email`, `password`, `ruolo`) VALUES ('studenteTest1164@studenti.unisa.it', '123123123', 'Studente');
INSERT INTO `libra`.`Studente` (`utenteEmail`, `cognome`, `matricola`, `nome`) VALUES ('studenteTest1164@studenti.unisa.it', 'Test1164', '051210111164', 'Studente');
INSERT INTO `libra`.`ProgettoFormativo` (`id`, `ambito`, `periodoReport`, `stato`, `aziendaEmail`, `studenteEmail`, `tutorInternoEmail`, `dataInizio`) VALUES ('1164', 'J2EE', '7', '4', 'admin@amazon.it', 'studenteTest1164@studenti.unisa.it', 'tutor@unisa.it', '20170910');
INSERT INTO `libra`.`Utente` (`email`, `password`, `ruolo`) VALUES ('studenteTest1174@studenti.unisa.it', '123123123', 'Studente');
INSERT INTO `libra`.`Studente` (`utenteEmail`, `cognome`, `matricola`, `nome`) VALUES ('studenteTest1174@studenti.unisa.it', 'Test1174', '051210111174', 'Studente');
INSERT INTO `libra`.`ProgettoFormativo` (`id`, `ambito`, `periodoReport`, `stato`, `aziendaEmail`, `studenteEmail`, `tutorInternoEmail`, `dataInizio`) VALUES ('1174', 'J2EE', '7', '4', 'admin@amazon.it', 'studenteTest1174@studenti.unisa.it', 'tutor@unisa.it', '20171010');
INSERT INTO `libra`.`Utente` (`email`, `password`, `ruolo`) VALUES ('studenteTest1184@studenti.unisa.it', '123123123', 'Studente');
INSERT INTO `libra`.`Studente` (`utenteEmail`, `cognome`, `matricola`, `nome`) VALUES ('studenteTest1184@studenti.unisa.it', 'Test1184', '051210111184', 'Studente');
INSERT INTO `libra`.`ProgettoFormativo` (`id`, `ambito`, `periodoReport`, `stato`, `aziendaEmail`, `studenteEmail`, `tutorInternoEmail`, `dataInizio`) VALUES ('1184', 'J2EE', '7', '4', 'admin@amazon.it', 'studenteTest1184@studenti.unisa.it', 'tutor@unisa.it', '20171110');
INSERT INTO `libra`.`Utente` (`email`, `password`, `ruolo`) VALUES ('studenteTest1194@studenti.unisa.it', '123123123', 'Studente');
INSERT INTO `libra`.`Studente` (`utenteEmail`, `cognome`, `matricola`, `nome`) VALUES ('studenteTest1194@studenti.unisa.it', 'Test1194', '051210111194', 'Studente');
INSERT INTO `libra`.`ProgettoFormativo` (`id`, `ambito`, `periodoReport`, `stato`, `aziendaEmail`, `studenteEmail`, `tutorInternoEmail`, `dataInizio`) VALUES ('1194', 'J2EE', '7', '4', 'admin@amazon.it', 'studenteTest1194@studenti.unisa.it', 'tutor@unisa.it', '20171210');
INSERT INTO `libra`.`Utente` (`email`, `password`, `ruolo`) VALUES ('studenteTest1205@studenti.unisa.it', '123123123', 'Studente');
INSERT INTO `libra`.`Studente` (`utenteEmail`, `cognome`, `matricola`, `nome`) VALUES ('studenteTest1205@studenti.unisa.it', 'Test1205', '051210111205', 'Studente');
INSERT INTO `libra`.`ProgettoFormativo` (`id`, `ambito`, `periodoReport`, `stato`, `aziendaEmail`, `studenteEmail`, `tutorInternoEmail`, `dataInizio`) VALUES ('1205', 'J2EE', '7', '4', 'admin@amazon.it', 'studenteTest1205@studenti.unisa.it', 'tutor@unisa.it', '20170910');
INSERT INTO `libra`.`Utente` (`email`, `password`, `ruolo`) VALUES ('studenteTest1215@studenti.unisa.it', '123123123', 'Studente');
INSERT INTO `libra`.`Studente` (`utenteEmail`, `cognome`, `matricola`, `nome`) VALUES ('studenteTest1215@studenti.unisa.it', 'Test1215', '051210111215', 'Studente');
INSERT INTO `libra`.`ProgettoFormativo` (`id`, `ambito`, `periodoReport`, `stato`, `aziendaEmail`, `studenteEmail`, `tutorInternoEmail`, `dataInizio`) VALUES ('1215', 'J2EE', '7', '4', 'admin@amazon.it', 'studenteTest1215@studenti.unisa.it', 'tutor@unisa.it', '20171010');
INSERT INTO `libra`.`Utente` (`email`, `password`, `ruolo`) VALUES ('studenteTest1225@studenti.unisa.it', '123123123', 'Studente');
INSERT INTO `libra`.`Studente` (`utenteEmail`, `cognome`, `matricola`, `nome`) VALUES ('studenteTest1225@studenti.unisa.it', 'Test1225', '051210111225', 'Studente');
INSERT INTO `libra`.`ProgettoFormativo` (`id`, `ambito`, `periodoReport`, `stato`, `aziendaEmail`, `studenteEmail`, `tutorInternoEmail`, `dataInizio`) VALUES ('1225', 'J2EE', '7', '4', 'admin@amazon.it', 'studenteTest1225@studenti.unisa.it', 'tutor@unisa.it', '20171110');
INSERT INTO `libra`.`Utente` (`email`, `password`, `ruolo`) VALUES ('studenteTest1235@studenti.unisa.it', '123123123', 'Studente');
INSERT INTO `libra`.`Studente` (`utenteEmail`, `cognome`, `matricola`, `nome`) VALUES ('studenteTest1235@studenti.unisa.it', 'Test1235', '051210111235', 'Studente');
INSERT INTO `libra`.`ProgettoFormativo` (`id`, `ambito`, `periodoReport`, `stato`, `aziendaEmail`, `studenteEmail`, `tutorInternoEmail`, `dataInizio`) VALUES ('1235', 'J2EE', '7', '4', 'admin@amazon.it', 'studenteTest1235@studenti.unisa.it', 'tutor@unisa.it', '20171210');
INSERT INTO `libra`.`Utente` (`email`, `password`, `ruolo`) VALUES ('studenteTest1246@studenti.unisa.it', '123123123', 'Studente');
INSERT INTO `libra`.`Studente` (`utenteEmail`, `cognome`, `matricola`, `nome`) VALUES ('studenteTest1246@studenti.unisa.it', 'Test1246', '051210111246', 'Studente');
INSERT INTO `libra`.`ProgettoFormativo` (`id`, `ambito`, `periodoReport`, `stato`, `aziendaEmail`, `studenteEmail`, `tutorInternoEmail`, `dataInizio`) VALUES ('1246', 'J2EE', '7', '4', 'admin@amazon.it', 'studenteTest1246@studenti.unisa.it', 'tutor@unisa.it', '20170910');
INSERT INTO `libra`.`Utente` (`email`, `password`, `ruolo`) VALUES ('studenteTest1256@studenti.unisa.it', '123123123', 'Studente');
INSERT INTO `libra`.`Studente` (`utenteEmail`, `cognome`, `matricola`, `nome`) VALUES ('studenteTest1256@studenti.unisa.it', 'Test1256', '051210111256', 'Studente');
INSERT INTO `libra`.`ProgettoFormativo` (`id`, `ambito`, `periodoReport`, `stato`, `aziendaEmail`, `studenteEmail`, `tutorInternoEmail`, `dataInizio`) VALUES ('1256', 'J2EE', '7', '4', 'admin@amazon.it', 'studenteTest1256@studenti.unisa.it', 'tutor@unisa.it', '20171010');
INSERT INTO `libra`.`Utente` (`email`, `password`, `ruolo`) VALUES ('studenteTest1266@studenti.unisa.it', '123123123', 'Studente');
INSERT INTO `libra`.`Studente` (`utenteEmail`, `cognome`, `matricola`, `nome`) VALUES ('studenteTest1266@studenti.unisa.it', 'Test1266', '051210111266', 'Studente');
INSERT INTO `libra`.`ProgettoFormativo` (`id`, `ambito`, `periodoReport`, `stato`, `aziendaEmail`, `studenteEmail`, `tutorInternoEmail`, `dataInizio`) VALUES ('1266', 'J2EE', '7', '4', 'admin@amazon.it', 'studenteTest1266@studenti.unisa.it', 'tutor@unisa.it', '20171110');
INSERT INTO `libra`.`Utente` (`email`, `password`, `ruolo`) VALUES ('studenteTest1276@studenti.unisa.it', '123123123', 'Studente');
INSERT INTO `libra`.`Studente` (`utenteEmail`, `cognome`, `matricola`, `nome`) VALUES ('studenteTest1276@studenti.unisa.it', 'Test1276', '051210111276', 'Studente');
INSERT INTO `libra`.`ProgettoFormativo` (`id`, `ambito`, `periodoReport`, `stato`, `aziendaEmail`, `studenteEmail`, `tutorInternoEmail`, `dataInizio`) VALUES ('1276', 'J2EE', '7', '4', 'admin@amazon.it', 'studenteTest1276@studenti.unisa.it', 'tutor@unisa.it', '20171210');
INSERT INTO `libra`.`Utente` (`email`, `password`, `ruolo`) VALUES ('studenteTest1287@studenti.unisa.it', '123123123', 'Studente');
INSERT INTO `libra`.`Studente` (`utenteEmail`, `cognome`, `matricola`, `nome`) VALUES ('studenteTest1287@studenti.unisa.it', 'Test1287', '051210111287', 'Studente');
INSERT INTO `libra`.`ProgettoFormativo` (`id`, `ambito`, `periodoReport`, `stato`, `aziendaEmail`, `studenteEmail`, `tutorInternoEmail`, `dataInizio`) VALUES ('1287', 'J2EE', '7', '4', 'admin@amazon.it', 'studenteTest1287@studenti.unisa.it', 'tutor@unisa.it', '20170910');
INSERT INTO `libra`.`Utente` (`email`, `password`, `ruolo`) VALUES ('studenteTest1297@studenti.unisa.it', '123123123', 'Studente');
INSERT INTO `libra`.`Studente` (`utenteEmail`, `cognome`, `matricola`, `nome`) VALUES ('studenteTest1297@studenti.unisa.it', 'Test1297', '051210111297', 'Studente');
INSERT INTO `libra`.`ProgettoFormativo` (`id`, `ambito`, `periodoReport`, `stato`, `aziendaEmail`, `studenteEmail`, `tutorInternoEmail`, `dataInizio`) VALUES ('1297', 'J2EE', '7', '4', 'admin@amazon.it', 'studenteTest1297@studenti.unisa.it', 'tutor@unisa.it', '20171010');
INSERT INTO `libra`.`Utente` (`email`, `password`, `ruolo`) VALUES ('studenteTest1307@studenti.unisa.it', '123123123', 'Studente');
INSERT INTO `libra`.`Studente` (`utenteEmail`, `cognome`, `matricola`, `nome`) VALUES ('studenteTest1307@studenti.unisa.it', 'Test1307', '051210111307', 'Studente');
INSERT INTO `libra`.`ProgettoFormativo` (`id`, `ambito`, `periodoReport`, `stato`, `aziendaEmail`, `studenteEmail`, `tutorInternoEmail`, `dataInizio`) VALUES ('1307', 'J2EE', '7', '4', 'admin@amazon.it', 'studenteTest1307@studenti.unisa.it', 'tutor@unisa.it', '20171110');
INSERT INTO `libra`.`Utente` (`email`, `password`, `ruolo`) VALUES ('studenteTest1317@studenti.unisa.it', '123123123', 'Studente');
INSERT INTO `libra`.`Studente` (`utenteEmail`, `cognome`, `matricola`, `nome`) VALUES ('studenteTest1317@studenti.unisa.it', 'Test1317', '051210111317', 'Studente');
INSERT INTO `libra`.`ProgettoFormativo` (`id`, `ambito`, `periodoReport`, `stato`, `aziendaEmail`, `studenteEmail`, `tutorInternoEmail`, `dataInizio`) VALUES ('1317', 'J2EE', '7', '4', 'admin@amazon.it', 'studenteTest1317@studenti.unisa.it', 'tutor@unisa.it', '20171210');
INSERT INTO `libra`.`Utente` (`email`, `password`, `ruolo`) VALUES ('studenteTest1328@studenti.unisa.it', '123123123', 'Studente');
INSERT INTO `libra`.`Studente` (`utenteEmail`, `cognome`, `matricola`, `nome`) VALUES ('studenteTest1328@studenti.unisa.it', 'Test1328', '051210111328', 'Studente');
INSERT INTO `libra`.`ProgettoFormativo` (`id`, `ambito`, `periodoReport`, `stato`, `aziendaEmail`, `studenteEmail`, `tutorInternoEmail`, `dataInizio`) VALUES ('1328', 'J2EE', '7', '4', 'admin@amazon.it', 'studenteTest1328@studenti.unisa.it', 'tutor@unisa.it', '20170910');
INSERT INTO `libra`.`Utente` (`email`, `password`, `ruolo`) VALUES ('studenteTest1338@studenti.unisa.it', '123123123', 'Studente');
INSERT INTO `libra`.`Studente` (`utenteEmail`, `cognome`, `matricola`, `nome`) VALUES ('studenteTest1338@studenti.unisa.it', 'Test1338', '051210111338', 'Studente');
INSERT INTO `libra`.`ProgettoFormativo` (`id`, `ambito`, `periodoReport`, `stato`, `aziendaEmail`, `studenteEmail`, `tutorInternoEmail`, `dataInizio`) VALUES ('1338', 'J2EE', '7', '4', 'admin@amazon.it', 'studenteTest1338@studenti.unisa.it', 'tutor@unisa.it', '20171010');
INSERT INTO `libra`.`Utente` (`email`, `password`, `ruolo`) VALUES ('studenteTest1348@studenti.unisa.it', '123123123', 'Studente');
INSERT INTO `libra`.`Studente` (`utenteEmail`, `cognome`, `matricola`, `nome`) VALUES ('studenteTest1348@studenti.unisa.it', 'Test1348', '051210111348', 'Studente');
INSERT INTO `libra`.`ProgettoFormativo` (`id`, `ambito`, `periodoReport`, `stato`, `aziendaEmail`, `studenteEmail`, `tutorInternoEmail`, `dataInizio`) VALUES ('1348', 'J2EE', '7', '4', 'admin@amazon.it', 'studenteTest1348@studenti.unisa.it', 'tutor@unisa.it', '20171110');
INSERT INTO `libra`.`Utente` (`email`, `password`, `ruolo`) VALUES ('studenteTest1358@studenti.unisa.it', '123123123', 'Studente');
INSERT INTO `libra`.`Studente` (`utenteEmail`, `cognome`, `matricola`, `nome`) VALUES ('studenteTest1358@studenti.unisa.it', 'Test1358', '051210111358', 'Studente');
INSERT INTO `libra`.`ProgettoFormativo` (`id`, `ambito`, `periodoReport`, `stato`, `aziendaEmail`, `studenteEmail`, `tutorInternoEmail`, `dataInizio`) VALUES ('1358', 'J2EE', '7', '4', 'admin@amazon.it', 'studenteTest1358@studenti.unisa.it', 'tutor@unisa.it', '20171210');
INSERT INTO `libra`.`Utente` (`email`, `password`, `ruolo`) VALUES ('studenteTest1369@studenti.unisa.it', '123123123', 'Studente');
INSERT INTO `libra`.`Studente` (`utenteEmail`, `cognome`, `matricola`, `nome`) VALUES ('studenteTest1369@studenti.unisa.it', 'Test1369', '051210111369', 'Studente');
INSERT INTO `libra`.`ProgettoFormativo` (`id`, `ambito`, `periodoReport`, `stato`, `aziendaEmail`, `studenteEmail`, `tutorInternoEmail`, `dataInizio`) VALUES ('1369', 'J2EE', '7', '4', 'admin@amazon.it', 'studenteTest1369@studenti.unisa.it', 'tutor@unisa.it', '20170910');
INSERT INTO `libra`.`Utente` (`email`, `password`, `ruolo`) VALUES ('studenteTest1379@studenti.unisa.it', '123123123', 'Studente');
INSERT INTO `libra`.`Studente` (`utenteEmail`, `cognome`, `matricola`, `nome`) VALUES ('studenteTest1379@studenti.unisa.it', 'Test1379', '051210111379', 'Studente');
INSERT INTO `libra`.`ProgettoFormativo` (`id`, `ambito`, `periodoReport`, `stato`, `aziendaEmail`, `studenteEmail`, `tutorInternoEmail`, `dataInizio`) VALUES ('1379', 'J2EE', '7', '4', 'admin@amazon.it', 'studenteTest1379@studenti.unisa.it', 'tutor@unisa.it', '20171010');
INSERT INTO `libra`.`Utente` (`email`, `password`, `ruolo`) VALUES ('studenteTest1389@studenti.unisa.it', '123123123', 'Studente');
INSERT INTO `libra`.`Studente` (`utenteEmail`, `cognome`, `matricola`, `nome`) VALUES ('studenteTest1389@studenti.unisa.it', 'Test1389', '051210111389', 'Studente');
INSERT INTO `libra`.`ProgettoFormativo` (`id`, `ambito`, `periodoReport`, `stato`, `aziendaEmail`, `studenteEmail`, `tutorInternoEmail`, `dataInizio`) VALUES ('1389', 'J2EE', '7', '4', 'admin@amazon.it', 'studenteTest1389@studenti.unisa.it', 'tutor@unisa.it', '20171110');
INSERT INTO `libra`.`Utente` (`email`, `password`, `ruolo`) VALUES ('studenteTest1399@studenti.unisa.it', '123123123', 'Studente');
INSERT INTO `libra`.`Studente` (`utenteEmail`, `cognome`, `matricola`, `nome`) VALUES ('studenteTest1399@studenti.unisa.it', 'Test1399', '051210111399', 'Studente');
INSERT INTO `libra`.`ProgettoFormativo` (`id`, `ambito`, `periodoReport`, `stato`, `aziendaEmail`, `studenteEmail`, `tutorInternoEmail`, `dataInizio`) VALUES ('1399', 'J2EE', '7', '4', 'admin@amazon.it', 'studenteTest1399@studenti.unisa.it', 'tutor@unisa.it', '20171210');
INSERT INTO `libra`.`Utente` (`email`, `password`, `ruolo`) VALUES ('studenteTest1400@studenti.unisa.it', '123123123', 'Studente');
INSERT INTO `libra`.`Studente` (`utenteEmail`, `cognome`, `matricola`, `nome`) VALUES ('studenteTest1400@studenti.unisa.it', 'Test1400', '051210111400', 'Studente');
INSERT INTO `libra`.`ProgettoFormativo` (`id`, `ambito`, `periodoReport`, `stato`, `aziendaEmail`, `studenteEmail`, `tutorInternoEmail`, `dataInizio`) VALUES ('1400', 'J2EE', '7', '4', 'admin@google.it', 'studenteTest1400@studenti.unisa.it', 'tutor@unisa.it', '20170910');
INSERT INTO `libra`.`Utente` (`email`, `password`, `ruolo`) VALUES ('studenteTest1410@studenti.unisa.it', '123123123', 'Studente');
INSERT INTO `libra`.`Studente` (`utenteEmail`, `cognome`, `matricola`, `nome`) VALUES ('studenteTest1410@studenti.unisa.it', 'Test1410', '051210111410', 'Studente');
INSERT INTO `libra`.`ProgettoFormativo` (`id`, `ambito`, `periodoReport`, `stato`, `aziendaEmail`, `studenteEmail`, `tutorInternoEmail`, `dataInizio`) VALUES ('1410', 'J2EE', '7', '4', 'admin@google.it', 'studenteTest1410@studenti.unisa.it', 'tutor@unisa.it', '20171010');
INSERT INTO `libra`.`Utente` (`email`, `password`, `ruolo`) VALUES ('studenteTest1420@studenti.unisa.it', '123123123', 'Studente');
INSERT INTO `libra`.`Studente` (`utenteEmail`, `cognome`, `matricola`, `nome`) VALUES ('studenteTest1420@studenti.unisa.it', 'Test1420', '051210111420', 'Studente');
INSERT INTO `libra`.`ProgettoFormativo` (`id`, `ambito`, `periodoReport`, `stato`, `aziendaEmail`, `studenteEmail`, `tutorInternoEmail`, `dataInizio`) VALUES ('1420', 'J2EE', '7', '4', 'admin@google.it', 'studenteTest1420@studenti.unisa.it', 'tutor@unisa.it', '20171110');
INSERT INTO `libra`.`Utente` (`email`, `password`, `ruolo`) VALUES ('studenteTest1430@studenti.unisa.it', '123123123', 'Studente');
INSERT INTO `libra`.`Studente` (`utenteEmail`, `cognome`, `matricola`, `nome`) VALUES ('studenteTest1430@studenti.unisa.it', 'Test1430', '051210111430', 'Studente');
INSERT INTO `libra`.`ProgettoFormativo` (`id`, `ambito`, `periodoReport`, `stato`, `aziendaEmail`, `studenteEmail`, `tutorInternoEmail`, `dataInizio`) VALUES ('1430', 'J2EE', '7', '4', 'admin@google.it', 'studenteTest1430@studenti.unisa.it', 'tutor@unisa.it', '20171210');
INSERT INTO `libra`.`Utente` (`email`, `password`, `ruolo`) VALUES ('studenteTest1441@studenti.unisa.it', '123123123', 'Studente');
INSERT INTO `libra`.`Studente` (`utenteEmail`, `cognome`, `matricola`, `nome`) VALUES ('studenteTest1441@studenti.unisa.it', 'Test1441', '051210111441', 'Studente');
INSERT INTO `libra`.`ProgettoFormativo` (`id`, `ambito`, `periodoReport`, `stato`, `aziendaEmail`, `studenteEmail`, `tutorInternoEmail`, `dataInizio`) VALUES ('1441', 'J2EE', '7', '4', 'admin@google.it', 'studenteTest1441@studenti.unisa.it', 'tutor@unisa.it', '20170910');
INSERT INTO `libra`.`Utente` (`email`, `password`, `ruolo`) VALUES ('studenteTest1451@studenti.unisa.it', '123123123', 'Studente');
INSERT INTO `libra`.`Studente` (`utenteEmail`, `cognome`, `matricola`, `nome`) VALUES ('studenteTest1451@studenti.unisa.it', 'Test1451', '051210111451', 'Studente');
INSERT INTO `libra`.`ProgettoFormativo` (`id`, `ambito`, `periodoReport`, `stato`, `aziendaEmail`, `studenteEmail`, `tutorInternoEmail`, `dataInizio`) VALUES ('1451', 'J2EE', '7', '4', 'admin@google.it', 'studenteTest1451@studenti.unisa.it', 'tutor@unisa.it', '20171010');
INSERT INTO `libra`.`Utente` (`email`, `password`, `ruolo`) VALUES ('studenteTest1461@studenti.unisa.it', '123123123', 'Studente');
INSERT INTO `libra`.`Studente` (`utenteEmail`, `cognome`, `matricola`, `nome`) VALUES ('studenteTest1461@studenti.unisa.it', 'Test1461', '051210111461', 'Studente');
INSERT INTO `libra`.`ProgettoFormativo` (`id`, `ambito`, `periodoReport`, `stato`, `aziendaEmail`, `studenteEmail`, `tutorInternoEmail`, `dataInizio`) VALUES ('1461', 'J2EE', '7', '4', 'admin@google.it', 'studenteTest1461@studenti.unisa.it', 'tutor@unisa.it', '20171110');
INSERT INTO `libra`.`Utente` (`email`, `password`, `ruolo`) VALUES ('studenteTest1471@studenti.unisa.it', '123123123', 'Studente');
INSERT INTO `libra`.`Studente` (`utenteEmail`, `cognome`, `matricola`, `nome`) VALUES ('studenteTest1471@studenti.unisa.it', 'Test1471', '051210111471', 'Studente');
INSERT INTO `libra`.`ProgettoFormativo` (`id`, `ambito`, `periodoReport`, `stato`, `aziendaEmail`, `studenteEmail`, `tutorInternoEmail`, `dataInizio`) VALUES ('1471', 'J2EE', '7', '4', 'admin@google.it', 'studenteTest1471@studenti.unisa.it', 'tutor@unisa.it', '20171210');
INSERT INTO `libra`.`Utente` (`email`, `password`, `ruolo`) VALUES ('studenteTest1482@studenti.unisa.it', '123123123', 'Studente');
INSERT INTO `libra`.`Studente` (`utenteEmail`, `cognome`, `matricola`, `nome`) VALUES ('studenteTest1482@studenti.unisa.it', 'Test1482', '051210111482', 'Studente');
INSERT INTO `libra`.`ProgettoFormativo` (`id`, `ambito`, `periodoReport`, `stato`, `aziendaEmail`, `studenteEmail`, `tutorInternoEmail`, `dataInizio`) VALUES ('1482', 'J2EE', '7', '4', 'admin@google.it', 'studenteTest1482@studenti.unisa.it', 'tutor@unisa.it', '20170910');
INSERT INTO `libra`.`Utente` (`email`, `password`, `ruolo`) VALUES ('studenteTest1492@studenti.unisa.it', '123123123', 'Studente');
INSERT INTO `libra`.`Studente` (`utenteEmail`, `cognome`, `matricola`, `nome`) VALUES ('studenteTest1492@studenti.unisa.it', 'Test1492', '051210111492', 'Studente');
INSERT INTO `libra`.`ProgettoFormativo` (`id`, `ambito`, `periodoReport`, `stato`, `aziendaEmail`, `studenteEmail`, `tutorInternoEmail`, `dataInizio`) VALUES ('1492', 'J2EE', '7', '4', 'admin@google.it', 'studenteTest1492@studenti.unisa.it', 'tutor@unisa.it', '20171010');
INSERT INTO `libra`.`Utente` (`email`, `password`, `ruolo`) VALUES ('studenteTest1502@studenti.unisa.it', '123123123', 'Studente');
INSERT INTO `libra`.`Studente` (`utenteEmail`, `cognome`, `matricola`, `nome`) VALUES ('studenteTest1502@studenti.unisa.it', 'Test1502', '051210111502', 'Studente');
INSERT INTO `libra`.`ProgettoFormativo` (`id`, `ambito`, `periodoReport`, `stato`, `aziendaEmail`, `studenteEmail`, `tutorInternoEmail`, `dataInizio`) VALUES ('1502', 'J2EE', '7', '4', 'admin@google.it', 'studenteTest1502@studenti.unisa.it', 'tutor@unisa.it', '20171110');
INSERT INTO `libra`.`Utente` (`email`, `password`, `ruolo`) VALUES ('studenteTest1512@studenti.unisa.it', '123123123', 'Studente');
INSERT INTO `libra`.`Studente` (`utenteEmail`, `cognome`, `matricola`, `nome`) VALUES ('studenteTest1512@studenti.unisa.it', 'Test1512', '051210111512', 'Studente');
INSERT INTO `libra`.`ProgettoFormativo` (`id`, `ambito`, `periodoReport`, `stato`, `aziendaEmail`, `studenteEmail`, `tutorInternoEmail`, `dataInizio`) VALUES ('1512', 'J2EE', '7', '4', 'admin@google.it', 'studenteTest1512@studenti.unisa.it', 'tutor@unisa.it', '20171210');
INSERT INTO `libra`.`Utente` (`email`, `password`, `ruolo`) VALUES ('studenteTest1523@studenti.unisa.it', '123123123', 'Studente');
INSERT INTO `libra`.`Studente` (`utenteEmail`, `cognome`, `matricola`, `nome`) VALUES ('studenteTest1523@studenti.unisa.it', 'Test1523', '051210111523', 'Studente');
INSERT INTO `libra`.`ProgettoFormativo` (`id`, `ambito`, `periodoReport`, `stato`, `aziendaEmail`, `studenteEmail`, `tutorInternoEmail`, `dataInizio`) VALUES ('1523', 'J2EE', '7', '4', 'admin@google.it', 'studenteTest1523@studenti.unisa.it', 'tutor@unisa.it', '20170910');
INSERT INTO `libra`.`Utente` (`email`, `password`, `ruolo`) VALUES ('studenteTest1533@studenti.unisa.it', '123123123', 'Studente');
INSERT INTO `libra`.`Studente` (`utenteEmail`, `cognome`, `matricola`, `nome`) VALUES ('studenteTest1533@studenti.unisa.it', 'Test1533', '051210111533', 'Studente');
INSERT INTO `libra`.`ProgettoFormativo` (`id`, `ambito`, `periodoReport`, `stato`, `aziendaEmail`, `studenteEmail`, `tutorInternoEmail`, `dataInizio`) VALUES ('1533', 'J2EE', '7', '4', 'admin@google.it', 'studenteTest1533@studenti.unisa.it', 'tutor@unisa.it', '20171010');
INSERT INTO `libra`.`Utente` (`email`, `password`, `ruolo`) VALUES ('studenteTest1543@studenti.unisa.it', '123123123', 'Studente');
INSERT INTO `libra`.`Studente` (`utenteEmail`, `cognome`, `matricola`, `nome`) VALUES ('studenteTest1543@studenti.unisa.it', 'Test1543', '051210111543', 'Studente');
INSERT INTO `libra`.`ProgettoFormativo` (`id`, `ambito`, `periodoReport`, `stato`, `aziendaEmail`, `studenteEmail`, `tutorInternoEmail`, `dataInizio`) VALUES ('1543', 'J2EE', '7', '4', 'admin@google.it', 'studenteTest1543@studenti.unisa.it', 'tutor@unisa.it', '20171110');
INSERT INTO `libra`.`Utente` (`email`, `password`, `ruolo`) VALUES ('studenteTest1553@studenti.unisa.it', '123123123', 'Studente');
INSERT INTO `libra`.`Studente` (`utenteEmail`, `cognome`, `matricola`, `nome`) VALUES ('studenteTest1553@studenti.unisa.it', 'Test1553', '051210111553', 'Studente');
INSERT INTO `libra`.`ProgettoFormativo` (`id`, `ambito`, `periodoReport`, `stato`, `aziendaEmail`, `studenteEmail`, `tutorInternoEmail`, `dataInizio`) VALUES ('1553', 'J2EE', '7', '4', 'admin@google.it', 'studenteTest1553@studenti.unisa.it', 'tutor@unisa.it', '20171210');
INSERT INTO `libra`.`Utente` (`email`, `password`, `ruolo`) VALUES ('studenteTest1564@studenti.unisa.it', '123123123', 'Studente');
INSERT INTO `libra`.`Studente` (`utenteEmail`, `cognome`, `matricola`, `nome`) VALUES ('studenteTest1564@studenti.unisa.it', 'Test1564', '051210111564', 'Studente');
INSERT INTO `libra`.`ProgettoFormativo` (`id`, `ambito`, `periodoReport`, `stato`, `aziendaEmail`, `studenteEmail`, `tutorInternoEmail`, `dataInizio`) VALUES ('1564', 'J2EE', '7', '4', 'admin@google.it', 'studenteTest1564@studenti.unisa.it', 'tutor@unisa.it', '20170910');
INSERT INTO `libra`.`Utente` (`email`, `password`, `ruolo`) VALUES ('studenteTest1574@studenti.unisa.it', '123123123', 'Studente');
INSERT INTO `libra`.`Studente` (`utenteEmail`, `cognome`, `matricola`, `nome`) VALUES ('studenteTest1574@studenti.unisa.it', 'Test1574', '051210111574', 'Studente');
INSERT INTO `libra`.`ProgettoFormativo` (`id`, `ambito`, `periodoReport`, `stato`, `aziendaEmail`, `studenteEmail`, `tutorInternoEmail`, `dataInizio`) VALUES ('1574', 'J2EE', '7', '4', 'admin@google.it', 'studenteTest1574@studenti.unisa.it', 'tutor@unisa.it', '20171010');
INSERT INTO `libra`.`Utente` (`email`, `password`, `ruolo`) VALUES ('studenteTest1584@studenti.unisa.it', '123123123', 'Studente');
INSERT INTO `libra`.`Studente` (`utenteEmail`, `cognome`, `matricola`, `nome`) VALUES ('studenteTest1584@studenti.unisa.it', 'Test1584', '051210111584', 'Studente');
INSERT INTO `libra`.`ProgettoFormativo` (`id`, `ambito`, `periodoReport`, `stato`, `aziendaEmail`, `studenteEmail`, `tutorInternoEmail`, `dataInizio`) VALUES ('1584', 'J2EE', '7', '4', 'admin@google.it', 'studenteTest1584@studenti.unisa.it', 'tutor@unisa.it', '20171110');
INSERT INTO `libra`.`Utente` (`email`, `password`, `ruolo`) VALUES ('studenteTest1594@studenti.unisa.it', '123123123', 'Studente');
INSERT INTO `libra`.`Studente` (`utenteEmail`, `cognome`, `matricola`, `nome`) VALUES ('studenteTest1594@studenti.unisa.it', 'Test1594', '051210111594', 'Studente');
INSERT INTO `libra`.`ProgettoFormativo` (`id`, `ambito`, `periodoReport`, `stato`, `aziendaEmail`, `studenteEmail`, `tutorInternoEmail`, `dataInizio`) VALUES ('1594', 'J2EE', '7', '4', 'admin@google.it', 'studenteTest1594@studenti.unisa.it', 'tutor@unisa.it', '20171210');
INSERT INTO `libra`.`Utente` (`email`, `password`, `ruolo`) VALUES ('studenteTest1605@studenti.unisa.it', '123123123', 'Studente');
INSERT INTO `libra`.`Studente` (`utenteEmail`, `cognome`, `matricola`, `nome`) VALUES ('studenteTest1605@studenti.unisa.it', 'Test1605', '051210111605', 'Studente');
INSERT INTO `libra`.`ProgettoFormativo` (`id`, `ambito`, `periodoReport`, `stato`, `aziendaEmail`, `studenteEmail`, `tutorInternoEmail`, `dataInizio`) VALUES ('1605', 'J2EE', '7', '4', 'admin@google.it', 'studenteTest1605@studenti.unisa.it', 'tutor@unisa.it', '20170910');
INSERT INTO `libra`.`Utente` (`email`, `password`, `ruolo`) VALUES ('studenteTest1615@studenti.unisa.it', '123123123', 'Studente');
INSERT INTO `libra`.`Studente` (`utenteEmail`, `cognome`, `matricola`, `nome`) VALUES ('studenteTest1615@studenti.unisa.it', 'Test1615', '051210111615', 'Studente');
INSERT INTO `libra`.`ProgettoFormativo` (`id`, `ambito`, `periodoReport`, `stato`, `aziendaEmail`, `studenteEmail`, `tutorInternoEmail`, `dataInizio`) VALUES ('1615', 'J2EE', '7', '4', 'admin@google.it', 'studenteTest1615@studenti.unisa.it', 'tutor@unisa.it', '20171010');
INSERT INTO `libra`.`Utente` (`email`, `password`, `ruolo`) VALUES ('studenteTest1625@studenti.unisa.it', '123123123', 'Studente');
INSERT INTO `libra`.`Studente` (`utenteEmail`, `cognome`, `matricola`, `nome`) VALUES ('studenteTest1625@studenti.unisa.it', 'Test1625', '051210111625', 'Studente');
INSERT INTO `libra`.`ProgettoFormativo` (`id`, `ambito`, `periodoReport`, `stato`, `aziendaEmail`, `studenteEmail`, `tutorInternoEmail`, `dataInizio`) VALUES ('1625', 'J2EE', '7', '4', 'admin@google.it', 'studenteTest1625@studenti.unisa.it', 'tutor@unisa.it', '20171110');
INSERT INTO `libra`.`Utente` (`email`, `password`, `ruolo`) VALUES ('studenteTest1635@studenti.unisa.it', '123123123', 'Studente');
INSERT INTO `libra`.`Studente` (`utenteEmail`, `cognome`, `matricola`, `nome`) VALUES ('studenteTest1635@studenti.unisa.it', 'Test1635', '051210111635', 'Studente');
INSERT INTO `libra`.`ProgettoFormativo` (`id`, `ambito`, `periodoReport`, `stato`, `aziendaEmail`, `studenteEmail`, `tutorInternoEmail`, `dataInizio`) VALUES ('1635', 'J2EE', '7', '4', 'admin@google.it', 'studenteTest1635@studenti.unisa.it', 'tutor@unisa.it', '20171210');
INSERT INTO `libra`.`Utente` (`email`, `password`, `ruolo`) VALUES ('studenteTest1646@studenti.unisa.it', '123123123', 'Studente');
INSERT INTO `libra`.`Studente` (`utenteEmail`, `cognome`, `matricola`, `nome`) VALUES ('studenteTest1646@studenti.unisa.it', 'Test1646', '051210111646', 'Studente');
INSERT INTO `libra`.`ProgettoFormativo` (`id`, `ambito`, `periodoReport`, `stato`, `aziendaEmail`, `studenteEmail`, `tutorInternoEmail`, `dataInizio`) VALUES ('1646', 'J2EE', '7', '4', 'admin@google.it', 'studenteTest1646@studenti.unisa.it', 'tutor@unisa.it', '20170910');
INSERT INTO `libra`.`Utente` (`email`, `password`, `ruolo`) VALUES ('studenteTest1656@studenti.unisa.it', '123123123', 'Studente');
INSERT INTO `libra`.`Studente` (`utenteEmail`, `cognome`, `matricola`, `nome`) VALUES ('studenteTest1656@studenti.unisa.it', 'Test1656', '051210111656', 'Studente');
INSERT INTO `libra`.`ProgettoFormativo` (`id`, `ambito`, `periodoReport`, `stato`, `aziendaEmail`, `studenteEmail`, `tutorInternoEmail`, `dataInizio`) VALUES ('1656', 'J2EE', '7', '4', 'admin@google.it', 'studenteTest1656@studenti.unisa.it', 'tutor@unisa.it', '20171010');
INSERT INTO `libra`.`Utente` (`email`, `password`, `ruolo`) VALUES ('studenteTest1666@studenti.unisa.it', '123123123', 'Studente');
INSERT INTO `libra`.`Studente` (`utenteEmail`, `cognome`, `matricola`, `nome`) VALUES ('studenteTest1666@studenti.unisa.it', 'Test1666', '051210111666', 'Studente');
INSERT INTO `libra`.`ProgettoFormativo` (`id`, `ambito`, `periodoReport`, `stato`, `aziendaEmail`, `studenteEmail`, `tutorInternoEmail`, `dataInizio`) VALUES ('1666', 'J2EE', '7', '4', 'admin@google.it', 'studenteTest1666@studenti.unisa.it', 'tutor@unisa.it', '20171110');
INSERT INTO `libra`.`Utente` (`email`, `password`, `ruolo`) VALUES ('studenteTest1676@studenti.unisa.it', '123123123', 'Studente');
INSERT INTO `libra`.`Studente` (`utenteEmail`, `cognome`, `matricola`, `nome`) VALUES ('studenteTest1676@studenti.unisa.it', 'Test1676', '051210111676', 'Studente');
INSERT INTO `libra`.`ProgettoFormativo` (`id`, `ambito`, `periodoReport`, `stato`, `aziendaEmail`, `studenteEmail`, `tutorInternoEmail`, `dataInizio`) VALUES ('1676', 'J2EE', '7', '4', 'admin@google.it', 'studenteTest1676@studenti.unisa.it', 'tutor@unisa.it', '20171210');
INSERT INTO `libra`.`Utente` (`email`, `password`, `ruolo`) VALUES ('studenteTest1687@studenti.unisa.it', '123123123', 'Studente');
INSERT INTO `libra`.`Studente` (`utenteEmail`, `cognome`, `matricola`, `nome`) VALUES ('studenteTest1687@studenti.unisa.it', 'Test1687', '051210111687', 'Studente');
INSERT INTO `libra`.`ProgettoFormativo` (`id`, `ambito`, `periodoReport`, `stato`, `aziendaEmail`, `studenteEmail`, `tutorInternoEmail`, `dataInizio`) VALUES ('1687', 'J2EE', '7', '4', 'admin@google.it', 'studenteTest1687@studenti.unisa.it', 'tutor@unisa.it', '20170910');
INSERT INTO `libra`.`Utente` (`email`, `password`, `ruolo`) VALUES ('studenteTest1697@studenti.unisa.it', '123123123', 'Studente');
INSERT INTO `libra`.`Studente` (`utenteEmail`, `cognome`, `matricola`, `nome`) VALUES ('studenteTest1697@studenti.unisa.it', 'Test1697', '051210111697', 'Studente');
INSERT INTO `libra`.`ProgettoFormativo` (`id`, `ambito`, `periodoReport`, `stato`, `aziendaEmail`, `studenteEmail`, `tutorInternoEmail`, `dataInizio`) VALUES ('1697', 'J2EE', '7', '4', 'admin@google.it', 'studenteTest1697@studenti.unisa.it', 'tutor@unisa.it', '20171010');
INSERT INTO `libra`.`Utente` (`email`, `password`, `ruolo`) VALUES ('studenteTest1707@studenti.unisa.it', '123123123', 'Studente');
INSERT INTO `libra`.`Studente` (`utenteEmail`, `cognome`, `matricola`, `nome`) VALUES ('studenteTest1707@studenti.unisa.it', 'Test1707', '051210111707', 'Studente');
INSERT INTO `libra`.`ProgettoFormativo` (`id`, `ambito`, `periodoReport`, `stato`, `aziendaEmail`, `studenteEmail`, `tutorInternoEmail`, `dataInizio`) VALUES ('1707', 'J2EE', '7', '4', 'admin@google.it', 'studenteTest1707@studenti.unisa.it', 'tutor@unisa.it', '20171110');
INSERT INTO `libra`.`Utente` (`email`, `password`, `ruolo`) VALUES ('studenteTest1717@studenti.unisa.it', '123123123', 'Studente');
INSERT INTO `libra`.`Studente` (`utenteEmail`, `cognome`, `matricola`, `nome`) VALUES ('studenteTest1717@studenti.unisa.it', 'Test1717', '051210111717', 'Studente');
INSERT INTO `libra`.`ProgettoFormativo` (`id`, `ambito`, `periodoReport`, `stato`, `aziendaEmail`, `studenteEmail`, `tutorInternoEmail`, `dataInizio`) VALUES ('1717', 'J2EE', '7', '4', 'admin@google.it', 'studenteTest1717@studenti.unisa.it', 'tutor@unisa.it', '20171210');
INSERT INTO `libra`.`Utente` (`email`, `password`, `ruolo`) VALUES ('studenteTest1728@studenti.unisa.it', '123123123', 'Studente');
INSERT INTO `libra`.`Studente` (`utenteEmail`, `cognome`, `matricola`, `nome`) VALUES ('studenteTest1728@studenti.unisa.it', 'Test1728', '051210111728', 'Studente');
INSERT INTO `libra`.`ProgettoFormativo` (`id`, `ambito`, `periodoReport`, `stato`, `aziendaEmail`, `studenteEmail`, `tutorInternoEmail`, `dataInizio`) VALUES ('1728', 'J2EE', '7', '4', 'admin@google.it', 'studenteTest1728@studenti.unisa.it', 'tutor@unisa.it', '20170910');
INSERT INTO `libra`.`Utente` (`email`, `password`, `ruolo`) VALUES ('studenteTest1738@studenti.unisa.it', '123123123', 'Studente');
INSERT INTO `libra`.`Studente` (`utenteEmail`, `cognome`, `matricola`, `nome`) VALUES ('studenteTest1738@studenti.unisa.it', 'Test1738', '051210111738', 'Studente');
INSERT INTO `libra`.`ProgettoFormativo` (`id`, `ambito`, `periodoReport`, `stato`, `aziendaEmail`, `studenteEmail`, `tutorInternoEmail`, `dataInizio`) VALUES ('1738', 'J2EE', '7', '4', 'admin@google.it', 'studenteTest1738@studenti.unisa.it', 'tutor@unisa.it', '20171010');
INSERT INTO `libra`.`Utente` (`email`, `password`, `ruolo`) VALUES ('studenteTest1748@studenti.unisa.it', '123123123', 'Studente');
INSERT INTO `libra`.`Studente` (`utenteEmail`, `cognome`, `matricola`, `nome`) VALUES ('studenteTest1748@studenti.unisa.it', 'Test1748', '051210111748', 'Studente');
INSERT INTO `libra`.`ProgettoFormativo` (`id`, `ambito`, `periodoReport`, `stato`, `aziendaEmail`, `studenteEmail`, `tutorInternoEmail`, `dataInizio`) VALUES ('1748', 'J2EE', '7', '4', 'admin@google.it', 'studenteTest1748@studenti.unisa.it', 'tutor@unisa.it', '20171110');
INSERT INTO `libra`.`Utente` (`email`, `password`, `ruolo`) VALUES ('studenteTest1758@studenti.unisa.it', '123123123', 'Studente');
INSERT INTO `libra`.`Studente` (`utenteEmail`, `cognome`, `matricola`, `nome`) VALUES ('studenteTest1758@studenti.unisa.it', 'Test1758', '051210111758', 'Studente');
INSERT INTO `libra`.`ProgettoFormativo` (`id`, `ambito`, `periodoReport`, `stato`, `aziendaEmail`, `studenteEmail`, `tutorInternoEmail`, `dataInizio`) VALUES ('1758', 'J2EE', '7', '4', 'admin@google.it', 'studenteTest1758@studenti.unisa.it', 'tutor@unisa.it', '20171210');
INSERT INTO `libra`.`Utente` (`email`, `password`, `ruolo`) VALUES ('studenteTest1769@studenti.unisa.it', '123123123', 'Studente');
INSERT INTO `libra`.`Studente` (`utenteEmail`, `cognome`, `matricola`, `nome`) VALUES ('studenteTest1769@studenti.unisa.it', 'Test1769', '051210111769', 'Studente');
INSERT INTO `libra`.`ProgettoFormativo` (`id`, `ambito`, `periodoReport`, `stato`, `aziendaEmail`, `studenteEmail`, `tutorInternoEmail`, `dataInizio`) VALUES ('1769', 'J2EE', '7', '4', 'admin@google.it', 'studenteTest1769@studenti.unisa.it', 'tutor@unisa.it', '20170910');
INSERT INTO `libra`.`Utente` (`email`, `password`, `ruolo`) VALUES ('studenteTest1779@studenti.unisa.it', '123123123', 'Studente');
INSERT INTO `libra`.`Studente` (`utenteEmail`, `cognome`, `matricola`, `nome`) VALUES ('studenteTest1779@studenti.unisa.it', 'Test1779', '051210111779', 'Studente');
INSERT INTO `libra`.`ProgettoFormativo` (`id`, `ambito`, `periodoReport`, `stato`, `aziendaEmail`, `studenteEmail`, `tutorInternoEmail`, `dataInizio`) VALUES ('1779', 'J2EE', '7', '4', 'admin@google.it', 'studenteTest1779@studenti.unisa.it', 'tutor@unisa.it', '20171010');
INSERT INTO `libra`.`Utente` (`email`, `password`, `ruolo`) VALUES ('studenteTest1789@studenti.unisa.it', '123123123', 'Studente');
INSERT INTO `libra`.`Studente` (`utenteEmail`, `cognome`, `matricola`, `nome`) VALUES ('studenteTest1789@studenti.unisa.it', 'Test1789', '051210111789', 'Studente');
INSERT INTO `libra`.`ProgettoFormativo` (`id`, `ambito`, `periodoReport`, `stato`, `aziendaEmail`, `studenteEmail`, `tutorInternoEmail`, `dataInizio`) VALUES ('1789', 'J2EE', '7', '4', 'admin@google.it', 'studenteTest1789@studenti.unisa.it', 'tutor@unisa.it', '20171110');
INSERT INTO `libra`.`Utente` (`email`, `password`, `ruolo`) VALUES ('studenteTest1799@studenti.unisa.it', '123123123', 'Studente');
INSERT INTO `libra`.`Studente` (`utenteEmail`, `cognome`, `matricola`, `nome`) VALUES ('studenteTest1799@studenti.unisa.it', 'Test1799', '051210111799', 'Studente');
INSERT INTO `libra`.`ProgettoFormativo` (`id`, `ambito`, `periodoReport`, `stato`, `aziendaEmail`, `studenteEmail`, `tutorInternoEmail`, `dataInizio`) VALUES ('1799', 'J2EE', '7', '4', 'admin@google.it', 'studenteTest1799@studenti.unisa.it', 'tutor@unisa.it', '20171210');
INSERT INTO `libra`.`Utente` (`email`, `password`, `ruolo`) VALUES ('studenteTest1800@studenti.unisa.it', '123123123', 'Studente');
INSERT INTO `libra`.`Studente` (`utenteEmail`, `cognome`, `matricola`, `nome`) VALUES ('studenteTest1800@studenti.unisa.it', 'Test1800', '051210111800', 'Studente');
INSERT INTO `libra`.`ProgettoFormativo` (`id`, `ambito`, `periodoReport`, `stato`, `aziendaEmail`, `studenteEmail`, `tutorInternoEmail`, `dataInizio`) VALUES ('1800', 'J2EE', '7', '4', 'admin@apple.it', 'studenteTest1800@studenti.unisa.it', 'tutor@unisa.it', '20170910');
INSERT INTO `libra`.`Utente` (`email`, `password`, `ruolo`) VALUES ('studenteTest1810@studenti.unisa.it', '123123123', 'Studente');
INSERT INTO `libra`.`Studente` (`utenteEmail`, `cognome`, `matricola`, `nome`) VALUES ('studenteTest1810@studenti.unisa.it', 'Test1810', '051210111810', 'Studente');
INSERT INTO `libra`.`ProgettoFormativo` (`id`, `ambito`, `periodoReport`, `stato`, `aziendaEmail`, `studenteEmail`, `tutorInternoEmail`, `dataInizio`) VALUES ('1810', 'J2EE', '7', '4', 'admin@apple.it', 'studenteTest1810@studenti.unisa.it', 'tutor@unisa.it', '20171010');
INSERT INTO `libra`.`Utente` (`email`, `password`, `ruolo`) VALUES ('studenteTest1820@studenti.unisa.it', '123123123', 'Studente');
INSERT INTO `libra`.`Studente` (`utenteEmail`, `cognome`, `matricola`, `nome`) VALUES ('studenteTest1820@studenti.unisa.it', 'Test1820', '051210111820', 'Studente');
INSERT INTO `libra`.`ProgettoFormativo` (`id`, `ambito`, `periodoReport`, `stato`, `aziendaEmail`, `studenteEmail`, `tutorInternoEmail`, `dataInizio`) VALUES ('1820', 'J2EE', '7', '4', 'admin@apple.it', 'studenteTest1820@studenti.unisa.it', 'tutor@unisa.it', '20171110');
INSERT INTO `libra`.`Utente` (`email`, `password`, `ruolo`) VALUES ('studenteTest1830@studenti.unisa.it', '123123123', 'Studente');
INSERT INTO `libra`.`Studente` (`utenteEmail`, `cognome`, `matricola`, `nome`) VALUES ('studenteTest1830@studenti.unisa.it', 'Test1830', '051210111830', 'Studente');
INSERT INTO `libra`.`ProgettoFormativo` (`id`, `ambito`, `periodoReport`, `stato`, `aziendaEmail`, `studenteEmail`, `tutorInternoEmail`, `dataInizio`) VALUES ('1830', 'J2EE', '7', '4', 'admin@apple.it', 'studenteTest1830@studenti.unisa.it', 'tutor@unisa.it', '20171210');
INSERT INTO `libra`.`Utente` (`email`, `password`, `ruolo`) VALUES ('studenteTest1841@studenti.unisa.it', '123123123', 'Studente');
INSERT INTO `libra`.`Studente` (`utenteEmail`, `cognome`, `matricola`, `nome`) VALUES ('studenteTest1841@studenti.unisa.it', 'Test1841', '051210111841', 'Studente');
INSERT INTO `libra`.`ProgettoFormativo` (`id`, `ambito`, `periodoReport`, `stato`, `aziendaEmail`, `studenteEmail`, `tutorInternoEmail`, `dataInizio`) VALUES ('1841', 'J2EE', '7', '4', 'admin@apple.it', 'studenteTest1841@studenti.unisa.it', 'tutor@unisa.it', '20170910');
INSERT INTO `libra`.`Utente` (`email`, `password`, `ruolo`) VALUES ('studenteTest1851@studenti.unisa.it', '123123123', 'Studente');
INSERT INTO `libra`.`Studente` (`utenteEmail`, `cognome`, `matricola`, `nome`) VALUES ('studenteTest1851@studenti.unisa.it', 'Test1851', '051210111851', 'Studente');
INSERT INTO `libra`.`ProgettoFormativo` (`id`, `ambito`, `periodoReport`, `stato`, `aziendaEmail`, `studenteEmail`, `tutorInternoEmail`, `dataInizio`) VALUES ('1851', 'J2EE', '7', '4', 'admin@apple.it', 'studenteTest1851@studenti.unisa.it', 'tutor@unisa.it', '20171010');
INSERT INTO `libra`.`Utente` (`email`, `password`, `ruolo`) VALUES ('studenteTest1861@studenti.unisa.it', '123123123', 'Studente');
INSERT INTO `libra`.`Studente` (`utenteEmail`, `cognome`, `matricola`, `nome`) VALUES ('studenteTest1861@studenti.unisa.it', 'Test1861', '051210111861', 'Studente');
INSERT INTO `libra`.`ProgettoFormativo` (`id`, `ambito`, `periodoReport`, `stato`, `aziendaEmail`, `studenteEmail`, `tutorInternoEmail`, `dataInizio`) VALUES ('1861', 'J2EE', '7', '4', 'admin@apple.it', 'studenteTest1861@studenti.unisa.it', 'tutor@unisa.it', '20171110');
INSERT INTO `libra`.`Utente` (`email`, `password`, `ruolo`) VALUES ('studenteTest1871@studenti.unisa.it', '123123123', 'Studente');
INSERT INTO `libra`.`Studente` (`utenteEmail`, `cognome`, `matricola`, `nome`) VALUES ('studenteTest1871@studenti.unisa.it', 'Test1871', '051210111871', 'Studente');
INSERT INTO `libra`.`ProgettoFormativo` (`id`, `ambito`, `periodoReport`, `stato`, `aziendaEmail`, `studenteEmail`, `tutorInternoEmail`, `dataInizio`) VALUES ('1871', 'J2EE', '7', '4', 'admin@apple.it', 'studenteTest1871@studenti.unisa.it', 'tutor@unisa.it', '20171210');
INSERT INTO `libra`.`Utente` (`email`, `password`, `ruolo`) VALUES ('studenteTest1882@studenti.unisa.it', '123123123', 'Studente');
INSERT INTO `libra`.`Studente` (`utenteEmail`, `cognome`, `matricola`, `nome`) VALUES ('studenteTest1882@studenti.unisa.it', 'Test1882', '051210111882', 'Studente');
INSERT INTO `libra`.`ProgettoFormativo` (`id`, `ambito`, `periodoReport`, `stato`, `aziendaEmail`, `studenteEmail`, `tutorInternoEmail`, `dataInizio`) VALUES ('1882', 'J2EE', '7', '4', 'admin@apple.it', 'studenteTest1882@studenti.unisa.it', 'tutor@unisa.it', '20170910');
INSERT INTO `libra`.`Utente` (`email`, `password`, `ruolo`) VALUES ('studenteTest1892@studenti.unisa.it', '123123123', 'Studente');
INSERT INTO `libra`.`Studente` (`utenteEmail`, `cognome`, `matricola`, `nome`) VALUES ('studenteTest1892@studenti.unisa.it', 'Test1892', '051210111892', 'Studente');
INSERT INTO `libra`.`ProgettoFormativo` (`id`, `ambito`, `periodoReport`, `stato`, `aziendaEmail`, `studenteEmail`, `tutorInternoEmail`, `dataInizio`) VALUES ('1892', 'J2EE', '7', '4', 'admin@apple.it', 'studenteTest1892@studenti.unisa.it', 'tutor@unisa.it', '20171010');
INSERT INTO `libra`.`Utente` (`email`, `password`, `ruolo`) VALUES ('studenteTest1902@studenti.unisa.it', '123123123', 'Studente');
INSERT INTO `libra`.`Studente` (`utenteEmail`, `cognome`, `matricola`, `nome`) VALUES ('studenteTest1902@studenti.unisa.it', 'Test1902', '051210111902', 'Studente');
INSERT INTO `libra`.`ProgettoFormativo` (`id`, `ambito`, `periodoReport`, `stato`, `aziendaEmail`, `studenteEmail`, `tutorInternoEmail`, `dataInizio`) VALUES ('1902', 'J2EE', '7', '4', 'admin@apple.it', 'studenteTest1902@studenti.unisa.it', 'tutor@unisa.it', '20171110');
INSERT INTO `libra`.`Utente` (`email`, `password`, `ruolo`) VALUES ('studenteTest1912@studenti.unisa.it', '123123123', 'Studente');
INSERT INTO `libra`.`Studente` (`utenteEmail`, `cognome`, `matricola`, `nome`) VALUES ('studenteTest1912@studenti.unisa.it', 'Test1912', '051210111912', 'Studente');
INSERT INTO `libra`.`ProgettoFormativo` (`id`, `ambito`, `periodoReport`, `stato`, `aziendaEmail`, `studenteEmail`, `tutorInternoEmail`, `dataInizio`) VALUES ('1912', 'J2EE', '7', '4', 'admin@apple.it', 'studenteTest1912@studenti.unisa.it', 'tutor@unisa.it', '20171210');
INSERT INTO `libra`.`Utente` (`email`, `password`, `ruolo`) VALUES ('studenteTest1923@studenti.unisa.it', '123123123', 'Studente');
INSERT INTO `libra`.`Studente` (`utenteEmail`, `cognome`, `matricola`, `nome`) VALUES ('studenteTest1923@studenti.unisa.it', 'Test1923', '051210111923', 'Studente');
INSERT INTO `libra`.`ProgettoFormativo` (`id`, `ambito`, `periodoReport`, `stato`, `aziendaEmail`, `studenteEmail`, `tutorInternoEmail`, `dataInizio`) VALUES ('1923', 'J2EE', '7', '4', 'admin@apple.it', 'studenteTest1923@studenti.unisa.it', 'tutor@unisa.it', '20170910');
INSERT INTO `libra`.`Utente` (`email`, `password`, `ruolo`) VALUES ('studenteTest1933@studenti.unisa.it', '123123123', 'Studente');
INSERT INTO `libra`.`Studente` (`utenteEmail`, `cognome`, `matricola`, `nome`) VALUES ('studenteTest1933@studenti.unisa.it', 'Test1933', '051210111933', 'Studente');
INSERT INTO `libra`.`ProgettoFormativo` (`id`, `ambito`, `periodoReport`, `stato`, `aziendaEmail`, `studenteEmail`, `tutorInternoEmail`, `dataInizio`) VALUES ('1933', 'J2EE', '7', '4', 'admin@apple.it', 'studenteTest1933@studenti.unisa.it', 'tutor@unisa.it', '20171010');
INSERT INTO `libra`.`Utente` (`email`, `password`, `ruolo`) VALUES ('studenteTest1943@studenti.unisa.it', '123123123', 'Studente');
INSERT INTO `libra`.`Studente` (`utenteEmail`, `cognome`, `matricola`, `nome`) VALUES ('studenteTest1943@studenti.unisa.it', 'Test1943', '051210111943', 'Studente');
INSERT INTO `libra`.`ProgettoFormativo` (`id`, `ambito`, `periodoReport`, `stato`, `aziendaEmail`, `studenteEmail`, `tutorInternoEmail`, `dataInizio`) VALUES ('1943', 'J2EE', '7', '4', 'admin@apple.it', 'studenteTest1943@studenti.unisa.it', 'tutor@unisa.it', '20171110');
INSERT INTO `libra`.`Utente` (`email`, `password`, `ruolo`) VALUES ('studenteTest1953@studenti.unisa.it', '123123123', 'Studente');
INSERT INTO `libra`.`Studente` (`utenteEmail`, `cognome`, `matricola`, `nome`) VALUES ('studenteTest1953@studenti.unisa.it', 'Test1953', '051210111953', 'Studente');
INSERT INTO `libra`.`ProgettoFormativo` (`id`, `ambito`, `periodoReport`, `stato`, `aziendaEmail`, `studenteEmail`, `tutorInternoEmail`, `dataInizio`) VALUES ('1953', 'J2EE', '7', '4', 'admin@apple.it', 'studenteTest1953@studenti.unisa.it', 'tutor@unisa.it', '20171210');
INSERT INTO `libra`.`Utente` (`email`, `password`, `ruolo`) VALUES ('studenteTest1964@studenti.unisa.it', '123123123', 'Studente');
INSERT INTO `libra`.`Studente` (`utenteEmail`, `cognome`, `matricola`, `nome`) VALUES ('studenteTest1964@studenti.unisa.it', 'Test1964', '051210111964', 'Studente');
INSERT INTO `libra`.`ProgettoFormativo` (`id`, `ambito`, `periodoReport`, `stato`, `aziendaEmail`, `studenteEmail`, `tutorInternoEmail`, `dataInizio`) VALUES ('1964', 'J2EE', '7', '4', 'admin@apple.it', 'studenteTest1964@studenti.unisa.it', 'tutor@unisa.it', '20170910');
INSERT INTO `libra`.`Utente` (`email`, `password`, `ruolo`) VALUES ('studenteTest1974@studenti.unisa.it', '123123123', 'Studente');
INSERT INTO `libra`.`Studente` (`utenteEmail`, `cognome`, `matricola`, `nome`) VALUES ('studenteTest1974@studenti.unisa.it', 'Test1974', '051210111974', 'Studente');
INSERT INTO `libra`.`ProgettoFormativo` (`id`, `ambito`, `periodoReport`, `stato`, `aziendaEmail`, `studenteEmail`, `tutorInternoEmail`, `dataInizio`) VALUES ('1974', 'J2EE', '7', '4', 'admin@apple.it', 'studenteTest1974@studenti.unisa.it', 'tutor@unisa.it', '20171010');
INSERT INTO `libra`.`Utente` (`email`, `password`, `ruolo`) VALUES ('studenteTest1984@studenti.unisa.it', '123123123', 'Studente');
INSERT INTO `libra`.`Studente` (`utenteEmail`, `cognome`, `matricola`, `nome`) VALUES ('studenteTest1984@studenti.unisa.it', 'Test1984', '051210111984', 'Studente');
INSERT INTO `libra`.`ProgettoFormativo` (`id`, `ambito`, `periodoReport`, `stato`, `aziendaEmail`, `studenteEmail`, `tutorInternoEmail`, `dataInizio`) VALUES ('1984', 'J2EE', '7', '4', 'admin@apple.it', 'studenteTest1984@studenti.unisa.it', 'tutor@unisa.it', '20171110');
INSERT INTO `libra`.`Utente` (`email`, `password`, `ruolo`) VALUES ('studenteTest1994@studenti.unisa.it', '123123123', 'Studente');
INSERT INTO `libra`.`Studente` (`utenteEmail`, `cognome`, `matricola`, `nome`) VALUES ('studenteTest1994@studenti.unisa.it', 'Test1994', '051210111994', 'Studente');
INSERT INTO `libra`.`ProgettoFormativo` (`id`, `ambito`, `periodoReport`, `stato`, `aziendaEmail`, `studenteEmail`, `tutorInternoEmail`, `dataInizio`) VALUES ('1994', 'J2EE', '7', '4', 'admin@apple.it', 'studenteTest1994@studenti.unisa.it', 'tutor@unisa.it', '20171210');
INSERT INTO `libra`.`Utente` (`email`, `password`, `ruolo`) VALUES ('studenteTest2005@studenti.unisa.it', '123123123', 'Studente');
INSERT INTO `libra`.`Studente` (`utenteEmail`, `cognome`, `matricola`, `nome`) VALUES ('studenteTest2005@studenti.unisa.it', 'Test2005', '051210112005', 'Studente');
INSERT INTO `libra`.`ProgettoFormativo` (`id`, `ambito`, `periodoReport`, `stato`, `aziendaEmail`, `studenteEmail`, `tutorInternoEmail`, `dataInizio`) VALUES ('2005', 'J2EE', '7', '4', 'admin@apple.it', 'studenteTest2005@studenti.unisa.it', 'tutor@unisa.it', '20170910');
INSERT INTO `libra`.`Utente` (`email`, `password`, `ruolo`) VALUES ('studenteTest2015@studenti.unisa.it', '123123123', 'Studente');
INSERT INTO `libra`.`Studente` (`utenteEmail`, `cognome`, `matricola`, `nome`) VALUES ('studenteTest2015@studenti.unisa.it', 'Test2015', '051210112015', 'Studente');
INSERT INTO `libra`.`ProgettoFormativo` (`id`, `ambito`, `periodoReport`, `stato`, `aziendaEmail`, `studenteEmail`, `tutorInternoEmail`, `dataInizio`) VALUES ('2015', 'J2EE', '7', '4', 'admin@apple.it', 'studenteTest2015@studenti.unisa.it', 'tutor@unisa.it', '20171010');
INSERT INTO `libra`.`Utente` (`email`, `password`, `ruolo`) VALUES ('studenteTest2025@studenti.unisa.it', '123123123', 'Studente');
INSERT INTO `libra`.`Studente` (`utenteEmail`, `cognome`, `matricola`, `nome`) VALUES ('studenteTest2025@studenti.unisa.it', 'Test2025', '051210112025', 'Studente');
INSERT INTO `libra`.`ProgettoFormativo` (`id`, `ambito`, `periodoReport`, `stato`, `aziendaEmail`, `studenteEmail`, `tutorInternoEmail`, `dataInizio`) VALUES ('2025', 'J2EE', '7', '4', 'admin@apple.it', 'studenteTest2025@studenti.unisa.it', 'tutor@unisa.it', '20171110');
INSERT INTO `libra`.`Utente` (`email`, `password`, `ruolo`) VALUES ('studenteTest2035@studenti.unisa.it', '123123123', 'Studente');
INSERT INTO `libra`.`Studente` (`utenteEmail`, `cognome`, `matricola`, `nome`) VALUES ('studenteTest2035@studenti.unisa.it', 'Test2035', '051210112035', 'Studente');
INSERT INTO `libra`.`ProgettoFormativo` (`id`, `ambito`, `periodoReport`, `stato`, `aziendaEmail`, `studenteEmail`, `tutorInternoEmail`, `dataInizio`) VALUES ('2035', 'J2EE', '7', '4', 'admin@apple.it', 'studenteTest2035@studenti.unisa.it', 'tutor@unisa.it', '20171210');
INSERT INTO `libra`.`Utente` (`email`, `password`, `ruolo`) VALUES ('studenteTest2046@studenti.unisa.it', '123123123', 'Studente');
INSERT INTO `libra`.`Studente` (`utenteEmail`, `cognome`, `matricola`, `nome`) VALUES ('studenteTest2046@studenti.unisa.it', 'Test2046', '051210112046', 'Studente');
INSERT INTO `libra`.`ProgettoFormativo` (`id`, `ambito`, `periodoReport`, `stato`, `aziendaEmail`, `studenteEmail`, `tutorInternoEmail`, `dataInizio`) VALUES ('2046', 'J2EE', '7', '4', 'admin@apple.it', 'studenteTest2046@studenti.unisa.it', 'tutor@unisa.it', '20170910');
INSERT INTO `libra`.`Utente` (`email`, `password`, `ruolo`) VALUES ('studenteTest2056@studenti.unisa.it', '123123123', 'Studente');
INSERT INTO `libra`.`Studente` (`utenteEmail`, `cognome`, `matricola`, `nome`) VALUES ('studenteTest2056@studenti.unisa.it', 'Test2056', '051210112056', 'Studente');
INSERT INTO `libra`.`ProgettoFormativo` (`id`, `ambito`, `periodoReport`, `stato`, `aziendaEmail`, `studenteEmail`, `tutorInternoEmail`, `dataInizio`) VALUES ('2056', 'J2EE', '7', '4', 'admin@apple.it', 'studenteTest2056@studenti.unisa.it', 'tutor@unisa.it', '20171010');
INSERT INTO `libra`.`Utente` (`email`, `password`, `ruolo`) VALUES ('studenteTest2066@studenti.unisa.it', '123123123', 'Studente');
INSERT INTO `libra`.`Studente` (`utenteEmail`, `cognome`, `matricola`, `nome`) VALUES ('studenteTest2066@studenti.unisa.it', 'Test2066', '051210112066', 'Studente');
INSERT INTO `libra`.`ProgettoFormativo` (`id`, `ambito`, `periodoReport`, `stato`, `aziendaEmail`, `studenteEmail`, `tutorInternoEmail`, `dataInizio`) VALUES ('2066', 'J2EE', '7', '4', 'admin@apple.it', 'studenteTest2066@studenti.unisa.it', 'tutor@unisa.it', '20171110');
INSERT INTO `libra`.`Utente` (`email`, `password`, `ruolo`) VALUES ('studenteTest2076@studenti.unisa.it', '123123123', 'Studente');
INSERT INTO `libra`.`Studente` (`utenteEmail`, `cognome`, `matricola`, `nome`) VALUES ('studenteTest2076@studenti.unisa.it', 'Test2076', '051210112076', 'Studente');
INSERT INTO `libra`.`ProgettoFormativo` (`id`, `ambito`, `periodoReport`, `stato`, `aziendaEmail`, `studenteEmail`, `tutorInternoEmail`, `dataInizio`) VALUES ('2076', 'J2EE', '7', '4', 'admin@apple.it', 'studenteTest2076@studenti.unisa.it', 'tutor@unisa.it', '20171210');
INSERT INTO `libra`.`Utente` (`email`, `password`, `ruolo`) VALUES ('studenteTest2087@studenti.unisa.it', '123123123', 'Studente');
INSERT INTO `libra`.`Studente` (`utenteEmail`, `cognome`, `matricola`, `nome`) VALUES ('studenteTest2087@studenti.unisa.it', 'Test2087', '051210112087', 'Studente');
INSERT INTO `libra`.`ProgettoFormativo` (`id`, `ambito`, `periodoReport`, `stato`, `aziendaEmail`, `studenteEmail`, `tutorInternoEmail`, `dataInizio`) VALUES ('2087', 'J2EE', '7', '4', 'admin@apple.it', 'studenteTest2087@studenti.unisa.it', 'tutor@unisa.it', '20170910');
INSERT INTO `libra`.`Utente` (`email`, `password`, `ruolo`) VALUES ('studenteTest2097@studenti.unisa.it', '123123123', 'Studente');
INSERT INTO `libra`.`Studente` (`utenteEmail`, `cognome`, `matricola`, `nome`) VALUES ('studenteTest2097@studenti.unisa.it', 'Test2097', '051210112097', 'Studente');
INSERT INTO `libra`.`ProgettoFormativo` (`id`, `ambito`, `periodoReport`, `stato`, `aziendaEmail`, `studenteEmail`, `tutorInternoEmail`, `dataInizio`) VALUES ('2097', 'J2EE', '7', '4', 'admin@apple.it', 'studenteTest2097@studenti.unisa.it', 'tutor@unisa.it', '20171010');
INSERT INTO `libra`.`Utente` (`email`, `password`, `ruolo`) VALUES ('studenteTest2107@studenti.unisa.it', '123123123', 'Studente');
INSERT INTO `libra`.`Studente` (`utenteEmail`, `cognome`, `matricola`, `nome`) VALUES ('studenteTest2107@studenti.unisa.it', 'Test2107', '051210112107', 'Studente');
INSERT INTO `libra`.`ProgettoFormativo` (`id`, `ambito`, `periodoReport`, `stato`, `aziendaEmail`, `studenteEmail`, `tutorInternoEmail`, `dataInizio`) VALUES ('2107', 'J2EE', '7', '4', 'admin@apple.it', 'studenteTest2107@studenti.unisa.it', 'tutor@unisa.it', '20171110');
INSERT INTO `libra`.`Utente` (`email`, `password`, `ruolo`) VALUES ('studenteTest2117@studenti.unisa.it', '123123123', 'Studente');
INSERT INTO `libra`.`Studente` (`utenteEmail`, `cognome`, `matricola`, `nome`) VALUES ('studenteTest2117@studenti.unisa.it', 'Test2117', '051210112117', 'Studente');
INSERT INTO `libra`.`ProgettoFormativo` (`id`, `ambito`, `periodoReport`, `stato`, `aziendaEmail`, `studenteEmail`, `tutorInternoEmail`, `dataInizio`) VALUES ('2117', 'J2EE', '7', '4', 'admin@apple.it', 'studenteTest2117@studenti.unisa.it', 'tutor@unisa.it', '20171210');
INSERT INTO `libra`.`Utente` (`email`, `password`, `ruolo`) VALUES ('studenteTest2128@studenti.unisa.it', '123123123', 'Studente');
INSERT INTO `libra`.`Studente` (`utenteEmail`, `cognome`, `matricola`, `nome`) VALUES ('studenteTest2128@studenti.unisa.it', 'Test2128', '051210112128', 'Studente');
INSERT INTO `libra`.`ProgettoFormativo` (`id`, `ambito`, `periodoReport`, `stato`, `aziendaEmail`, `studenteEmail`, `tutorInternoEmail`, `dataInizio`) VALUES ('2128', 'J2EE', '7', '4', 'admin@apple.it', 'studenteTest2128@studenti.unisa.it', 'tutor@unisa.it', '20170910');
INSERT INTO `libra`.`Utente` (`email`, `password`, `ruolo`) VALUES ('studenteTest2138@studenti.unisa.it', '123123123', 'Studente');
INSERT INTO `libra`.`Studente` (`utenteEmail`, `cognome`, `matricola`, `nome`) VALUES ('studenteTest2138@studenti.unisa.it', 'Test2138', '051210112138', 'Studente');
INSERT INTO `libra`.`ProgettoFormativo` (`id`, `ambito`, `periodoReport`, `stato`, `aziendaEmail`, `studenteEmail`, `tutorInternoEmail`, `dataInizio`) VALUES ('2138', 'J2EE', '7', '4', 'admin@apple.it', 'studenteTest2138@studenti.unisa.it', 'tutor@unisa.it', '20171010');
INSERT INTO `libra`.`Utente` (`email`, `password`, `ruolo`) VALUES ('studenteTest2148@studenti.unisa.it', '123123123', 'Studente');
INSERT INTO `libra`.`Studente` (`utenteEmail`, `cognome`, `matricola`, `nome`) VALUES ('studenteTest2148@studenti.unisa.it', 'Test2148', '051210112148', 'Studente');
INSERT INTO `libra`.`ProgettoFormativo` (`id`, `ambito`, `periodoReport`, `stato`, `aziendaEmail`, `studenteEmail`, `tutorInternoEmail`, `dataInizio`) VALUES ('2148', 'J2EE', '7', '4', 'admin@apple.it', 'studenteTest2148@studenti.unisa.it', 'tutor@unisa.it', '20171110');
INSERT INTO `libra`.`Utente` (`email`, `password`, `ruolo`) VALUES ('studenteTest2158@studenti.unisa.it', '123123123', 'Studente');
INSERT INTO `libra`.`Studente` (`utenteEmail`, `cognome`, `matricola`, `nome`) VALUES ('studenteTest2158@studenti.unisa.it', 'Test2158', '051210112158', 'Studente');
INSERT INTO `libra`.`ProgettoFormativo` (`id`, `ambito`, `periodoReport`, `stato`, `aziendaEmail`, `studenteEmail`, `tutorInternoEmail`, `dataInizio`) VALUES ('2158', 'J2EE', '7', '4', 'admin@apple.it', 'studenteTest2158@studenti.unisa.it', 'tutor@unisa.it', '20171210');
INSERT INTO `libra`.`Utente` (`email`, `password`, `ruolo`) VALUES ('studenteTest2169@studenti.unisa.it', '123123123', 'Studente');
INSERT INTO `libra`.`Studente` (`utenteEmail`, `cognome`, `matricola`, `nome`) VALUES ('studenteTest2169@studenti.unisa.it', 'Test2169', '051210112169', 'Studente');
INSERT INTO `libra`.`ProgettoFormativo` (`id`, `ambito`, `periodoReport`, `stato`, `aziendaEmail`, `studenteEmail`, `tutorInternoEmail`, `dataInizio`) VALUES ('2169', 'J2EE', '7', '4', 'admin@apple.it', 'studenteTest2169@studenti.unisa.it', 'tutor@unisa.it', '20170910');
INSERT INTO `libra`.`Utente` (`email`, `password`, `ruolo`) VALUES ('studenteTest2179@studenti.unisa.it', '123123123', 'Studente');
INSERT INTO `libra`.`Studente` (`utenteEmail`, `cognome`, `matricola`, `nome`) VALUES ('studenteTest2179@studenti.unisa.it', 'Test2179', '051210112179', 'Studente');
INSERT INTO `libra`.`ProgettoFormativo` (`id`, `ambito`, `periodoReport`, `stato`, `aziendaEmail`, `studenteEmail`, `tutorInternoEmail`, `dataInizio`) VALUES ('2179', 'J2EE', '7', '4', 'admin@apple.it', 'studenteTest2179@studenti.unisa.it', 'tutor@unisa.it', '20171010');
INSERT INTO `libra`.`Utente` (`email`, `password`, `ruolo`) VALUES ('studenteTest2189@studenti.unisa.it', '123123123', 'Studente');
INSERT INTO `libra`.`Studente` (`utenteEmail`, `cognome`, `matricola`, `nome`) VALUES ('studenteTest2189@studenti.unisa.it', 'Test2189', '051210112189', 'Studente');
INSERT INTO `libra`.`ProgettoFormativo` (`id`, `ambito`, `periodoReport`, `stato`, `aziendaEmail`, `studenteEmail`, `tutorInternoEmail`, `dataInizio`) VALUES ('2189', 'J2EE', '7', '4', 'admin@apple.it', 'studenteTest2189@studenti.unisa.it', 'tutor@unisa.it', '20171110');
INSERT INTO `libra`.`Utente` (`email`, `password`, `ruolo`) VALUES ('studenteTest2199@studenti.unisa.it', '123123123', 'Studente');
INSERT INTO `libra`.`Studente` (`utenteEmail`, `cognome`, `matricola`, `nome`) VALUES ('studenteTest2199@studenti.unisa.it', 'Test2199', '051210112199', 'Studente');
INSERT INTO `libra`.`ProgettoFormativo` (`id`, `ambito`, `periodoReport`, `stato`, `aziendaEmail`, `studenteEmail`, `tutorInternoEmail`, `dataInizio`) VALUES ('2199', 'J2EE', '7', '4', 'admin@apple.it', 'studenteTest2199@studenti.unisa.it', 'tutor@unisa.it', '20171210');
INSERT INTO `libra`.`Utente` (`email`, `password`, `ruolo`) VALUES ('studenteTest2200@studenti.unisa.it', '123123123', 'Studente');
INSERT INTO `libra`.`Studente` (`utenteEmail`, `cognome`, `matricola`, `nome`) VALUES ('studenteTest2200@studenti.unisa.it', 'Test2200', '051210112200', 'Studente');
INSERT INTO `libra`.`ProgettoFormativo` (`id`, `ambito`, `periodoReport`, `stato`, `aziendaEmail`, `studenteEmail`, `tutorInternoEmail`, `dataInizio`) VALUES ('2200', 'J2EE', '7', '4', 'admin@hp.it', 'studenteTest2200@studenti.unisa.it', 'tutor@unisa.it', '20170910');
INSERT INTO `libra`.`Utente` (`email`, `password`, `ruolo`) VALUES ('studenteTest2210@studenti.unisa.it', '123123123', 'Studente');
INSERT INTO `libra`.`Studente` (`utenteEmail`, `cognome`, `matricola`, `nome`) VALUES ('studenteTest2210@studenti.unisa.it', 'Test2210', '051210112210', 'Studente');
INSERT INTO `libra`.`ProgettoFormativo` (`id`, `ambito`, `periodoReport`, `stato`, `aziendaEmail`, `studenteEmail`, `tutorInternoEmail`, `dataInizio`) VALUES ('2210', 'J2EE', '7', '4', 'admin@hp.it', 'studenteTest2210@studenti.unisa.it', 'tutor@unisa.it', '20171010');
INSERT INTO `libra`.`Utente` (`email`, `password`, `ruolo`) VALUES ('studenteTest2220@studenti.unisa.it', '123123123', 'Studente');
INSERT INTO `libra`.`Studente` (`utenteEmail`, `cognome`, `matricola`, `nome`) VALUES ('studenteTest2220@studenti.unisa.it', 'Test2220', '051210112220', 'Studente');
INSERT INTO `libra`.`ProgettoFormativo` (`id`, `ambito`, `periodoReport`, `stato`, `aziendaEmail`, `studenteEmail`, `tutorInternoEmail`, `dataInizio`) VALUES ('2220', 'J2EE', '7', '4', 'admin@hp.it', 'studenteTest2220@studenti.unisa.it', 'tutor@unisa.it', '20171110');
INSERT INTO `libra`.`Utente` (`email`, `password`, `ruolo`) VALUES ('studenteTest2230@studenti.unisa.it', '123123123', 'Studente');
INSERT INTO `libra`.`Studente` (`utenteEmail`, `cognome`, `matricola`, `nome`) VALUES ('studenteTest2230@studenti.unisa.it', 'Test2230', '051210112230', 'Studente');
INSERT INTO `libra`.`ProgettoFormativo` (`id`, `ambito`, `periodoReport`, `stato`, `aziendaEmail`, `studenteEmail`, `tutorInternoEmail`, `dataInizio`) VALUES ('2230', 'J2EE', '7', '4', 'admin@hp.it', 'studenteTest2230@studenti.unisa.it', 'tutor@unisa.it', '20171210');
INSERT INTO `libra`.`Utente` (`email`, `password`, `ruolo`) VALUES ('studenteTest2241@studenti.unisa.it', '123123123', 'Studente');
INSERT INTO `libra`.`Studente` (`utenteEmail`, `cognome`, `matricola`, `nome`) VALUES ('studenteTest2241@studenti.unisa.it', 'Test2241', '051210112241', 'Studente');
INSERT INTO `libra`.`ProgettoFormativo` (`id`, `ambito`, `periodoReport`, `stato`, `aziendaEmail`, `studenteEmail`, `tutorInternoEmail`, `dataInizio`) VALUES ('2241', 'J2EE', '7', '4', 'admin@hp.it', 'studenteTest2241@studenti.unisa.it', 'tutor@unisa.it', '20170910');
INSERT INTO `libra`.`Utente` (`email`, `password`, `ruolo`) VALUES ('studenteTest2251@studenti.unisa.it', '123123123', 'Studente');
INSERT INTO `libra`.`Studente` (`utenteEmail`, `cognome`, `matricola`, `nome`) VALUES ('studenteTest2251@studenti.unisa.it', 'Test2251', '051210112251', 'Studente');
INSERT INTO `libra`.`ProgettoFormativo` (`id`, `ambito`, `periodoReport`, `stato`, `aziendaEmail`, `studenteEmail`, `tutorInternoEmail`, `dataInizio`) VALUES ('2251', 'J2EE', '7', '4', 'admin@hp.it', 'studenteTest2251@studenti.unisa.it', 'tutor@unisa.it', '20171010');
INSERT INTO `libra`.`Utente` (`email`, `password`, `ruolo`) VALUES ('studenteTest2261@studenti.unisa.it', '123123123', 'Studente');
INSERT INTO `libra`.`Studente` (`utenteEmail`, `cognome`, `matricola`, `nome`) VALUES ('studenteTest2261@studenti.unisa.it', 'Test2261', '051210112261', 'Studente');
INSERT INTO `libra`.`ProgettoFormativo` (`id`, `ambito`, `periodoReport`, `stato`, `aziendaEmail`, `studenteEmail`, `tutorInternoEmail`, `dataInizio`) VALUES ('2261', 'J2EE', '7', '4', 'admin@hp.it', 'studenteTest2261@studenti.unisa.it', 'tutor@unisa.it', '20171110');
INSERT INTO `libra`.`Utente` (`email`, `password`, `ruolo`) VALUES ('studenteTest2271@studenti.unisa.it', '123123123', 'Studente');
INSERT INTO `libra`.`Studente` (`utenteEmail`, `cognome`, `matricola`, `nome`) VALUES ('studenteTest2271@studenti.unisa.it', 'Test2271', '051210112271', 'Studente');
INSERT INTO `libra`.`ProgettoFormativo` (`id`, `ambito`, `periodoReport`, `stato`, `aziendaEmail`, `studenteEmail`, `tutorInternoEmail`, `dataInizio`) VALUES ('2271', 'J2EE', '7', '4', 'admin@hp.it', 'studenteTest2271@studenti.unisa.it', 'tutor@unisa.it', '20171210');
INSERT INTO `libra`.`Utente` (`email`, `password`, `ruolo`) VALUES ('studenteTest2282@studenti.unisa.it', '123123123', 'Studente');
INSERT INTO `libra`.`Studente` (`utenteEmail`, `cognome`, `matricola`, `nome`) VALUES ('studenteTest2282@studenti.unisa.it', 'Test2282', '051210112282', 'Studente');
INSERT INTO `libra`.`ProgettoFormativo` (`id`, `ambito`, `periodoReport`, `stato`, `aziendaEmail`, `studenteEmail`, `tutorInternoEmail`, `dataInizio`) VALUES ('2282', 'J2EE', '7', '4', 'admin@hp.it', 'studenteTest2282@studenti.unisa.it', 'tutor@unisa.it', '20170910');
INSERT INTO `libra`.`Utente` (`email`, `password`, `ruolo`) VALUES ('studenteTest2292@studenti.unisa.it', '123123123', 'Studente');
INSERT INTO `libra`.`Studente` (`utenteEmail`, `cognome`, `matricola`, `nome`) VALUES ('studenteTest2292@studenti.unisa.it', 'Test2292', '051210112292', 'Studente');
INSERT INTO `libra`.`ProgettoFormativo` (`id`, `ambito`, `periodoReport`, `stato`, `aziendaEmail`, `studenteEmail`, `tutorInternoEmail`, `dataInizio`) VALUES ('2292', 'J2EE', '7', '4', 'admin@hp.it', 'studenteTest2292@studenti.unisa.it', 'tutor@unisa.it', '20171010');
INSERT INTO `libra`.`Utente` (`email`, `password`, `ruolo`) VALUES ('studenteTest2302@studenti.unisa.it', '123123123', 'Studente');
INSERT INTO `libra`.`Studente` (`utenteEmail`, `cognome`, `matricola`, `nome`) VALUES ('studenteTest2302@studenti.unisa.it', 'Test2302', '051210112302', 'Studente');
INSERT INTO `libra`.`ProgettoFormativo` (`id`, `ambito`, `periodoReport`, `stato`, `aziendaEmail`, `studenteEmail`, `tutorInternoEmail`, `dataInizio`) VALUES ('2302', 'J2EE', '7', '4', 'admin@hp.it', 'studenteTest2302@studenti.unisa.it', 'tutor@unisa.it', '20171110');
INSERT INTO `libra`.`Utente` (`email`, `password`, `ruolo`) VALUES ('studenteTest2312@studenti.unisa.it', '123123123', 'Studente');
INSERT INTO `libra`.`Studente` (`utenteEmail`, `cognome`, `matricola`, `nome`) VALUES ('studenteTest2312@studenti.unisa.it', 'Test2312', '051210112312', 'Studente');
INSERT INTO `libra`.`ProgettoFormativo` (`id`, `ambito`, `periodoReport`, `stato`, `aziendaEmail`, `studenteEmail`, `tutorInternoEmail`, `dataInizio`) VALUES ('2312', 'J2EE', '7', '4', 'admin@hp.it', 'studenteTest2312@studenti.unisa.it', 'tutor@unisa.it', '20171210');
INSERT INTO `libra`.`Utente` (`email`, `password`, `ruolo`) VALUES ('studenteTest2323@studenti.unisa.it', '123123123', 'Studente');
INSERT INTO `libra`.`Studente` (`utenteEmail`, `cognome`, `matricola`, `nome`) VALUES ('studenteTest2323@studenti.unisa.it', 'Test2323', '051210112323', 'Studente');
INSERT INTO `libra`.`ProgettoFormativo` (`id`, `ambito`, `periodoReport`, `stato`, `aziendaEmail`, `studenteEmail`, `tutorInternoEmail`, `dataInizio`) VALUES ('2323', 'J2EE', '7', '4', 'admin@hp.it', 'studenteTest2323@studenti.unisa.it', 'tutor@unisa.it', '20170910');
INSERT INTO `libra`.`Utente` (`email`, `password`, `ruolo`) VALUES ('studenteTest2333@studenti.unisa.it', '123123123', 'Studente');
INSERT INTO `libra`.`Studente` (`utenteEmail`, `cognome`, `matricola`, `nome`) VALUES ('studenteTest2333@studenti.unisa.it', 'Test2333', '051210112333', 'Studente');
INSERT INTO `libra`.`ProgettoFormativo` (`id`, `ambito`, `periodoReport`, `stato`, `aziendaEmail`, `studenteEmail`, `tutorInternoEmail`, `dataInizio`) VALUES ('2333', 'J2EE', '7', '4', 'admin@hp.it', 'studenteTest2333@studenti.unisa.it', 'tutor@unisa.it', '20171010');
INSERT INTO `libra`.`Utente` (`email`, `password`, `ruolo`) VALUES ('studenteTest2343@studenti.unisa.it', '123123123', 'Studente');
INSERT INTO `libra`.`Studente` (`utenteEmail`, `cognome`, `matricola`, `nome`) VALUES ('studenteTest2343@studenti.unisa.it', 'Test2343', '051210112343', 'Studente');
INSERT INTO `libra`.`ProgettoFormativo` (`id`, `ambito`, `periodoReport`, `stato`, `aziendaEmail`, `studenteEmail`, `tutorInternoEmail`, `dataInizio`) VALUES ('2343', 'J2EE', '7', '4', 'admin@hp.it', 'studenteTest2343@studenti.unisa.it', 'tutor@unisa.it', '20171110');
INSERT INTO `libra`.`Utente` (`email`, `password`, `ruolo`) VALUES ('studenteTest2353@studenti.unisa.it', '123123123', 'Studente');
INSERT INTO `libra`.`Studente` (`utenteEmail`, `cognome`, `matricola`, `nome`) VALUES ('studenteTest2353@studenti.unisa.it', 'Test2353', '051210112353', 'Studente');
INSERT INTO `libra`.`ProgettoFormativo` (`id`, `ambito`, `periodoReport`, `stato`, `aziendaEmail`, `studenteEmail`, `tutorInternoEmail`, `dataInizio`) VALUES ('2353', 'J2EE', '7', '4', 'admin@hp.it', 'studenteTest2353@studenti.unisa.it', 'tutor@unisa.it', '20171210');
INSERT INTO `libra`.`Utente` (`email`, `password`, `ruolo`) VALUES ('studenteTest2364@studenti.unisa.it', '123123123', 'Studente');
INSERT INTO `libra`.`Studente` (`utenteEmail`, `cognome`, `matricola`, `nome`) VALUES ('studenteTest2364@studenti.unisa.it', 'Test2364', '051210112364', 'Studente');
INSERT INTO `libra`.`ProgettoFormativo` (`id`, `ambito`, `periodoReport`, `stato`, `aziendaEmail`, `studenteEmail`, `tutorInternoEmail`, `dataInizio`) VALUES ('2364', 'J2EE', '7', '4', 'admin@hp.it', 'studenteTest2364@studenti.unisa.it', 'tutor@unisa.it', '20170910');
INSERT INTO `libra`.`Utente` (`email`, `password`, `ruolo`) VALUES ('studenteTest2374@studenti.unisa.it', '123123123', 'Studente');
INSERT INTO `libra`.`Studente` (`utenteEmail`, `cognome`, `matricola`, `nome`) VALUES ('studenteTest2374@studenti.unisa.it', 'Test2374', '051210112374', 'Studente');
INSERT INTO `libra`.`ProgettoFormativo` (`id`, `ambito`, `periodoReport`, `stato`, `aziendaEmail`, `studenteEmail`, `tutorInternoEmail`, `dataInizio`) VALUES ('2374', 'J2EE', '7', '4', 'admin@hp.it', 'studenteTest2374@studenti.unisa.it', 'tutor@unisa.it', '20171010');
INSERT INTO `libra`.`Utente` (`email`, `password`, `ruolo`) VALUES ('studenteTest2384@studenti.unisa.it', '123123123', 'Studente');
INSERT INTO `libra`.`Studente` (`utenteEmail`, `cognome`, `matricola`, `nome`) VALUES ('studenteTest2384@studenti.unisa.it', 'Test2384', '051210112384', 'Studente');
INSERT INTO `libra`.`ProgettoFormativo` (`id`, `ambito`, `periodoReport`, `stato`, `aziendaEmail`, `studenteEmail`, `tutorInternoEmail`, `dataInizio`) VALUES ('2384', 'J2EE', '7', '4', 'admin@hp.it', 'studenteTest2384@studenti.unisa.it', 'tutor@unisa.it', '20171110');
INSERT INTO `libra`.`Utente` (`email`, `password`, `ruolo`) VALUES ('studenteTest2394@studenti.unisa.it', '123123123', 'Studente');
INSERT INTO `libra`.`Studente` (`utenteEmail`, `cognome`, `matricola`, `nome`) VALUES ('studenteTest2394@studenti.unisa.it', 'Test2394', '051210112394', 'Studente');
INSERT INTO `libra`.`ProgettoFormativo` (`id`, `ambito`, `periodoReport`, `stato`, `aziendaEmail`, `studenteEmail`, `tutorInternoEmail`, `dataInizio`) VALUES ('2394', 'J2EE', '7', '4', 'admin@hp.it', 'studenteTest2394@studenti.unisa.it', 'tutor@unisa.it', '20171210');
INSERT INTO `libra`.`Utente` (`email`, `password`, `ruolo`) VALUES ('studenteTest2405@studenti.unisa.it', '123123123', 'Studente');
INSERT INTO `libra`.`Studente` (`utenteEmail`, `cognome`, `matricola`, `nome`) VALUES ('studenteTest2405@studenti.unisa.it', 'Test2405', '051210112405', 'Studente');
INSERT INTO `libra`.`ProgettoFormativo` (`id`, `ambito`, `periodoReport`, `stato`, `aziendaEmail`, `studenteEmail`, `tutorInternoEmail`, `dataInizio`) VALUES ('2405', 'J2EE', '7', '4', 'admin@hp.it', 'studenteTest2405@studenti.unisa.it', 'tutor@unisa.it', '20170910');
INSERT INTO `libra`.`Utente` (`email`, `password`, `ruolo`) VALUES ('studenteTest2415@studenti.unisa.it', '123123123', 'Studente');
INSERT INTO `libra`.`Studente` (`utenteEmail`, `cognome`, `matricola`, `nome`) VALUES ('studenteTest2415@studenti.unisa.it', 'Test2415', '051210112415', 'Studente');
INSERT INTO `libra`.`ProgettoFormativo` (`id`, `ambito`, `periodoReport`, `stato`, `aziendaEmail`, `studenteEmail`, `tutorInternoEmail`, `dataInizio`) VALUES ('2415', 'J2EE', '7', '4', 'admin@hp.it', 'studenteTest2415@studenti.unisa.it', 'tutor@unisa.it', '20171010');
INSERT INTO `libra`.`Utente` (`email`, `password`, `ruolo`) VALUES ('studenteTest2425@studenti.unisa.it', '123123123', 'Studente');
INSERT INTO `libra`.`Studente` (`utenteEmail`, `cognome`, `matricola`, `nome`) VALUES ('studenteTest2425@studenti.unisa.it', 'Test2425', '051210112425', 'Studente');
INSERT INTO `libra`.`ProgettoFormativo` (`id`, `ambito`, `periodoReport`, `stato`, `aziendaEmail`, `studenteEmail`, `tutorInternoEmail`, `dataInizio`) VALUES ('2425', 'J2EE', '7', '4', 'admin@hp.it', 'studenteTest2425@studenti.unisa.it', 'tutor@unisa.it', '20171110');
INSERT INTO `libra`.`Utente` (`email`, `password`, `ruolo`) VALUES ('studenteTest2435@studenti.unisa.it', '123123123', 'Studente');
INSERT INTO `libra`.`Studente` (`utenteEmail`, `cognome`, `matricola`, `nome`) VALUES ('studenteTest2435@studenti.unisa.it', 'Test2435', '051210112435', 'Studente');
INSERT INTO `libra`.`ProgettoFormativo` (`id`, `ambito`, `periodoReport`, `stato`, `aziendaEmail`, `studenteEmail`, `tutorInternoEmail`, `dataInizio`) VALUES ('2435', 'J2EE', '7', '4', 'admin@hp.it', 'studenteTest2435@studenti.unisa.it', 'tutor@unisa.it', '20171210');
INSERT INTO `libra`.`Utente` (`email`, `password`, `ruolo`) VALUES ('studenteTest2446@studenti.unisa.it', '123123123', 'Studente');
INSERT INTO `libra`.`Studente` (`utenteEmail`, `cognome`, `matricola`, `nome`) VALUES ('studenteTest2446@studenti.unisa.it', 'Test2446', '051210112446', 'Studente');
INSERT INTO `libra`.`ProgettoFormativo` (`id`, `ambito`, `periodoReport`, `stato`, `aziendaEmail`, `studenteEmail`, `tutorInternoEmail`, `dataInizio`) VALUES ('2446', 'J2EE', '7', '4', 'admin@hp.it', 'studenteTest2446@studenti.unisa.it', 'tutor@unisa.it', '20170910');
INSERT INTO `libra`.`Utente` (`email`, `password`, `ruolo`) VALUES ('studenteTest2456@studenti.unisa.it', '123123123', 'Studente');
INSERT INTO `libra`.`Studente` (`utenteEmail`, `cognome`, `matricola`, `nome`) VALUES ('studenteTest2456@studenti.unisa.it', 'Test2456', '051210112456', 'Studente');
INSERT INTO `libra`.`ProgettoFormativo` (`id`, `ambito`, `periodoReport`, `stato`, `aziendaEmail`, `studenteEmail`, `tutorInternoEmail`, `dataInizio`) VALUES ('2456', 'J2EE', '7', '4', 'admin@hp.it', 'studenteTest2456@studenti.unisa.it', 'tutor@unisa.it', '20171010');
INSERT INTO `libra`.`Utente` (`email`, `password`, `ruolo`) VALUES ('studenteTest2466@studenti.unisa.it', '123123123', 'Studente');
INSERT INTO `libra`.`Studente` (`utenteEmail`, `cognome`, `matricola`, `nome`) VALUES ('studenteTest2466@studenti.unisa.it', 'Test2466', '051210112466', 'Studente');
INSERT INTO `libra`.`ProgettoFormativo` (`id`, `ambito`, `periodoReport`, `stato`, `aziendaEmail`, `studenteEmail`, `tutorInternoEmail`, `dataInizio`) VALUES ('2466', 'J2EE', '7', '4', 'admin@hp.it', 'studenteTest2466@studenti.unisa.it', 'tutor@unisa.it', '20171110');
INSERT INTO `libra`.`Utente` (`email`, `password`, `ruolo`) VALUES ('studenteTest2476@studenti.unisa.it', '123123123', 'Studente');
INSERT INTO `libra`.`Studente` (`utenteEmail`, `cognome`, `matricola`, `nome`) VALUES ('studenteTest2476@studenti.unisa.it', 'Test2476', '051210112476', 'Studente');
INSERT INTO `libra`.`ProgettoFormativo` (`id`, `ambito`, `periodoReport`, `stato`, `aziendaEmail`, `studenteEmail`, `tutorInternoEmail`, `dataInizio`) VALUES ('2476', 'J2EE', '7', '4', 'admin@hp.it', 'studenteTest2476@studenti.unisa.it', 'tutor@unisa.it', '20171210');
INSERT INTO `libra`.`Utente` (`email`, `password`, `ruolo`) VALUES ('studenteTest2487@studenti.unisa.it', '123123123', 'Studente');
INSERT INTO `libra`.`Studente` (`utenteEmail`, `cognome`, `matricola`, `nome`) VALUES ('studenteTest2487@studenti.unisa.it', 'Test2487', '051210112487', 'Studente');
INSERT INTO `libra`.`ProgettoFormativo` (`id`, `ambito`, `periodoReport`, `stato`, `aziendaEmail`, `studenteEmail`, `tutorInternoEmail`, `dataInizio`) VALUES ('2487', 'J2EE', '7', '4', 'admin@hp.it', 'studenteTest2487@studenti.unisa.it', 'tutor@unisa.it', '20170910');
INSERT INTO `libra`.`Utente` (`email`, `password`, `ruolo`) VALUES ('studenteTest2497@studenti.unisa.it', '123123123', 'Studente');
INSERT INTO `libra`.`Studente` (`utenteEmail`, `cognome`, `matricola`, `nome`) VALUES ('studenteTest2497@studenti.unisa.it', 'Test2497', '051210112497', 'Studente');
INSERT INTO `libra`.`ProgettoFormativo` (`id`, `ambito`, `periodoReport`, `stato`, `aziendaEmail`, `studenteEmail`, `tutorInternoEmail`, `dataInizio`) VALUES ('2497', 'J2EE', '7', '4', 'admin@hp.it', 'studenteTest2497@studenti.unisa.it', 'tutor@unisa.it', '20171010');
INSERT INTO `libra`.`Utente` (`email`, `password`, `ruolo`) VALUES ('studenteTest2507@studenti.unisa.it', '123123123', 'Studente');
INSERT INTO `libra`.`Studente` (`utenteEmail`, `cognome`, `matricola`, `nome`) VALUES ('studenteTest2507@studenti.unisa.it', 'Test2507', '051210112507', 'Studente');
INSERT INTO `libra`.`ProgettoFormativo` (`id`, `ambito`, `periodoReport`, `stato`, `aziendaEmail`, `studenteEmail`, `tutorInternoEmail`, `dataInizio`) VALUES ('2507', 'J2EE', '7', '4', 'admin@hp.it', 'studenteTest2507@studenti.unisa.it', 'tutor@unisa.it', '20171110');
INSERT INTO `libra`.`Utente` (`email`, `password`, `ruolo`) VALUES ('studenteTest2517@studenti.unisa.it', '123123123', 'Studente');
INSERT INTO `libra`.`Studente` (`utenteEmail`, `cognome`, `matricola`, `nome`) VALUES ('studenteTest2517@studenti.unisa.it', 'Test2517', '051210112517', 'Studente');
INSERT INTO `libra`.`ProgettoFormativo` (`id`, `ambito`, `periodoReport`, `stato`, `aziendaEmail`, `studenteEmail`, `tutorInternoEmail`, `dataInizio`) VALUES ('2517', 'J2EE', '7', '4', 'admin@hp.it', 'studenteTest2517@studenti.unisa.it', 'tutor@unisa.it', '20171210');
INSERT INTO `libra`.`Utente` (`email`, `password`, `ruolo`) VALUES ('studenteTest2528@studenti.unisa.it', '123123123', 'Studente');
INSERT INTO `libra`.`Studente` (`utenteEmail`, `cognome`, `matricola`, `nome`) VALUES ('studenteTest2528@studenti.unisa.it', 'Test2528', '051210112528', 'Studente');
INSERT INTO `libra`.`ProgettoFormativo` (`id`, `ambito`, `periodoReport`, `stato`, `aziendaEmail`, `studenteEmail`, `tutorInternoEmail`, `dataInizio`) VALUES ('2528', 'J2EE', '7', '4', 'admin@hp.it', 'studenteTest2528@studenti.unisa.it', 'tutor@unisa.it', '20170910');
INSERT INTO `libra`.`Utente` (`email`, `password`, `ruolo`) VALUES ('studenteTest2538@studenti.unisa.it', '123123123', 'Studente');
INSERT INTO `libra`.`Studente` (`utenteEmail`, `cognome`, `matricola`, `nome`) VALUES ('studenteTest2538@studenti.unisa.it', 'Test2538', '051210112538', 'Studente');
INSERT INTO `libra`.`ProgettoFormativo` (`id`, `ambito`, `periodoReport`, `stato`, `aziendaEmail`, `studenteEmail`, `tutorInternoEmail`, `dataInizio`) VALUES ('2538', 'J2EE', '7', '4', 'admin@hp.it', 'studenteTest2538@studenti.unisa.it', 'tutor@unisa.it', '20171010');
INSERT INTO `libra`.`Utente` (`email`, `password`, `ruolo`) VALUES ('studenteTest2548@studenti.unisa.it', '123123123', 'Studente');
INSERT INTO `libra`.`Studente` (`utenteEmail`, `cognome`, `matricola`, `nome`) VALUES ('studenteTest2548@studenti.unisa.it', 'Test2548', '051210112548', 'Studente');
INSERT INTO `libra`.`ProgettoFormativo` (`id`, `ambito`, `periodoReport`, `stato`, `aziendaEmail`, `studenteEmail`, `tutorInternoEmail`, `dataInizio`) VALUES ('2548', 'J2EE', '7', '4', 'admin@hp.it', 'studenteTest2548@studenti.unisa.it', 'tutor@unisa.it', '20171110');
INSERT INTO `libra`.`Utente` (`email`, `password`, `ruolo`) VALUES ('studenteTest2558@studenti.unisa.it', '123123123', 'Studente');
INSERT INTO `libra`.`Studente` (`utenteEmail`, `cognome`, `matricola`, `nome`) VALUES ('studenteTest2558@studenti.unisa.it', 'Test2558', '051210112558', 'Studente');
INSERT INTO `libra`.`ProgettoFormativo` (`id`, `ambito`, `periodoReport`, `stato`, `aziendaEmail`, `studenteEmail`, `tutorInternoEmail`, `dataInizio`) VALUES ('2558', 'J2EE', '7', '4', 'admin@hp.it', 'studenteTest2558@studenti.unisa.it', 'tutor@unisa.it', '20171210');
INSERT INTO `libra`.`Utente` (`email`, `password`, `ruolo`) VALUES ('studenteTest2569@studenti.unisa.it', '123123123', 'Studente');
INSERT INTO `libra`.`Studente` (`utenteEmail`, `cognome`, `matricola`, `nome`) VALUES ('studenteTest2569@studenti.unisa.it', 'Test2569', '051210112569', 'Studente');
INSERT INTO `libra`.`ProgettoFormativo` (`id`, `ambito`, `periodoReport`, `stato`, `aziendaEmail`, `studenteEmail`, `tutorInternoEmail`, `dataInizio`) VALUES ('2569', 'J2EE', '7', '4', 'admin@hp.it', 'studenteTest2569@studenti.unisa.it', 'tutor@unisa.it', '20170910');
INSERT INTO `libra`.`Utente` (`email`, `password`, `ruolo`) VALUES ('studenteTest2579@studenti.unisa.it', '123123123', 'Studente');
INSERT INTO `libra`.`Studente` (`utenteEmail`, `cognome`, `matricola`, `nome`) VALUES ('studenteTest2579@studenti.unisa.it', 'Test2579', '051210112579', 'Studente');
INSERT INTO `libra`.`ProgettoFormativo` (`id`, `ambito`, `periodoReport`, `stato`, `aziendaEmail`, `studenteEmail`, `tutorInternoEmail`, `dataInizio`) VALUES ('2579', 'J2EE', '7', '4', 'admin@hp.it', 'studenteTest2579@studenti.unisa.it', 'tutor@unisa.it', '20171010');
INSERT INTO `libra`.`Utente` (`email`, `password`, `ruolo`) VALUES ('studenteTest2589@studenti.unisa.it', '123123123', 'Studente');
INSERT INTO `libra`.`Studente` (`utenteEmail`, `cognome`, `matricola`, `nome`) VALUES ('studenteTest2589@studenti.unisa.it', 'Test2589', '051210112589', 'Studente');
INSERT INTO `libra`.`ProgettoFormativo` (`id`, `ambito`, `periodoReport`, `stato`, `aziendaEmail`, `studenteEmail`, `tutorInternoEmail`, `dataInizio`) VALUES ('2589', 'J2EE', '7', '4', 'admin@hp.it', 'studenteTest2589@studenti.unisa.it', 'tutor@unisa.it', '20171110');
INSERT INTO `libra`.`Utente` (`email`, `password`, `ruolo`) VALUES ('studenteTest2599@studenti.unisa.it', '123123123', 'Studente');
INSERT INTO `libra`.`Studente` (`utenteEmail`, `cognome`, `matricola`, `nome`) VALUES ('studenteTest2599@studenti.unisa.it', 'Test2599', '051210112599', 'Studente');
INSERT INTO `libra`.`ProgettoFormativo` (`id`, `ambito`, `periodoReport`, `stato`, `aziendaEmail`, `studenteEmail`, `tutorInternoEmail`, `dataInizio`) VALUES ('2599', 'J2EE', '7', '4', 'admin@hp.it', 'studenteTest2599@studenti.unisa.it', 'tutor@unisa.it', '20171210');
INSERT INTO `libra`.`Utente` (`email`, `password`, `ruolo`) VALUES ('studenteTest2600@studenti.unisa.it', '123123123', 'Studente');
INSERT INTO `libra`.`Studente` (`utenteEmail`, `cognome`, `matricola`, `nome`) VALUES ('studenteTest2600@studenti.unisa.it', 'Test2600', '051210112600', 'Studente');
INSERT INTO `libra`.`ProgettoFormativo` (`id`, `ambito`, `periodoReport`, `stato`, `aziendaEmail`, `studenteEmail`, `tutorInternoEmail`, `dataInizio`) VALUES ('2600', 'J2EE', '7', '4', 'admin@asus.it', 'studenteTest2600@studenti.unisa.it', 'tutor@unisa.it', '20170910');
INSERT INTO `libra`.`Utente` (`email`, `password`, `ruolo`) VALUES ('studenteTest2610@studenti.unisa.it', '123123123', 'Studente');
INSERT INTO `libra`.`Studente` (`utenteEmail`, `cognome`, `matricola`, `nome`) VALUES ('studenteTest2610@studenti.unisa.it', 'Test2610', '051210112610', 'Studente');
INSERT INTO `libra`.`ProgettoFormativo` (`id`, `ambito`, `periodoReport`, `stato`, `aziendaEmail`, `studenteEmail`, `tutorInternoEmail`, `dataInizio`) VALUES ('2610', 'J2EE', '7', '4', 'admin@asus.it', 'studenteTest2610@studenti.unisa.it', 'tutor@unisa.it', '20171010');
INSERT INTO `libra`.`Utente` (`email`, `password`, `ruolo`) VALUES ('studenteTest2620@studenti.unisa.it', '123123123', 'Studente');
INSERT INTO `libra`.`Studente` (`utenteEmail`, `cognome`, `matricola`, `nome`) VALUES ('studenteTest2620@studenti.unisa.it', 'Test2620', '051210112620', 'Studente');
INSERT INTO `libra`.`ProgettoFormativo` (`id`, `ambito`, `periodoReport`, `stato`, `aziendaEmail`, `studenteEmail`, `tutorInternoEmail`, `dataInizio`) VALUES ('2620', 'J2EE', '7', '4', 'admin@asus.it', 'studenteTest2620@studenti.unisa.it', 'tutor@unisa.it', '20171110');
INSERT INTO `libra`.`Utente` (`email`, `password`, `ruolo`) VALUES ('studenteTest2630@studenti.unisa.it', '123123123', 'Studente');
INSERT INTO `libra`.`Studente` (`utenteEmail`, `cognome`, `matricola`, `nome`) VALUES ('studenteTest2630@studenti.unisa.it', 'Test2630', '051210112630', 'Studente');
INSERT INTO `libra`.`ProgettoFormativo` (`id`, `ambito`, `periodoReport`, `stato`, `aziendaEmail`, `studenteEmail`, `tutorInternoEmail`, `dataInizio`) VALUES ('2630', 'J2EE', '7', '4', 'admin@asus.it', 'studenteTest2630@studenti.unisa.it', 'tutor@unisa.it', '20171210');
INSERT INTO `libra`.`Utente` (`email`, `password`, `ruolo`) VALUES ('studenteTest2641@studenti.unisa.it', '123123123', 'Studente');
INSERT INTO `libra`.`Studente` (`utenteEmail`, `cognome`, `matricola`, `nome`) VALUES ('studenteTest2641@studenti.unisa.it', 'Test2641', '051210112641', 'Studente');
INSERT INTO `libra`.`ProgettoFormativo` (`id`, `ambito`, `periodoReport`, `stato`, `aziendaEmail`, `studenteEmail`, `tutorInternoEmail`, `dataInizio`) VALUES ('2641', 'J2EE', '7', '4', 'admin@asus.it', 'studenteTest2641@studenti.unisa.it', 'tutor@unisa.it', '20170910');
INSERT INTO `libra`.`Utente` (`email`, `password`, `ruolo`) VALUES ('studenteTest2651@studenti.unisa.it', '123123123', 'Studente');
INSERT INTO `libra`.`Studente` (`utenteEmail`, `cognome`, `matricola`, `nome`) VALUES ('studenteTest2651@studenti.unisa.it', 'Test2651', '051210112651', 'Studente');
INSERT INTO `libra`.`ProgettoFormativo` (`id`, `ambito`, `periodoReport`, `stato`, `aziendaEmail`, `studenteEmail`, `tutorInternoEmail`, `dataInizio`) VALUES ('2651', 'J2EE', '7', '4', 'admin@asus.it', 'studenteTest2651@studenti.unisa.it', 'tutor@unisa.it', '20171010');
INSERT INTO `libra`.`Utente` (`email`, `password`, `ruolo`) VALUES ('studenteTest2661@studenti.unisa.it', '123123123', 'Studente');
INSERT INTO `libra`.`Studente` (`utenteEmail`, `cognome`, `matricola`, `nome`) VALUES ('studenteTest2661@studenti.unisa.it', 'Test2661', '051210112661', 'Studente');
INSERT INTO `libra`.`ProgettoFormativo` (`id`, `ambito`, `periodoReport`, `stato`, `aziendaEmail`, `studenteEmail`, `tutorInternoEmail`, `dataInizio`) VALUES ('2661', 'J2EE', '7', '4', 'admin@asus.it', 'studenteTest2661@studenti.unisa.it', 'tutor@unisa.it', '20171110');
INSERT INTO `libra`.`Utente` (`email`, `password`, `ruolo`) VALUES ('studenteTest2671@studenti.unisa.it', '123123123', 'Studente');
INSERT INTO `libra`.`Studente` (`utenteEmail`, `cognome`, `matricola`, `nome`) VALUES ('studenteTest2671@studenti.unisa.it', 'Test2671', '051210112671', 'Studente');
INSERT INTO `libra`.`ProgettoFormativo` (`id`, `ambito`, `periodoReport`, `stato`, `aziendaEmail`, `studenteEmail`, `tutorInternoEmail`, `dataInizio`) VALUES ('2671', 'J2EE', '7', '4', 'admin@asus.it', 'studenteTest2671@studenti.unisa.it', 'tutor@unisa.it', '20171210');
INSERT INTO `libra`.`Utente` (`email`, `password`, `ruolo`) VALUES ('studenteTest2682@studenti.unisa.it', '123123123', 'Studente');
INSERT INTO `libra`.`Studente` (`utenteEmail`, `cognome`, `matricola`, `nome`) VALUES ('studenteTest2682@studenti.unisa.it', 'Test2682', '051210112682', 'Studente');
INSERT INTO `libra`.`ProgettoFormativo` (`id`, `ambito`, `periodoReport`, `stato`, `aziendaEmail`, `studenteEmail`, `tutorInternoEmail`, `dataInizio`) VALUES ('2682', 'J2EE', '7', '4', 'admin@asus.it', 'studenteTest2682@studenti.unisa.it', 'tutor@unisa.it', '20170910');
INSERT INTO `libra`.`Utente` (`email`, `password`, `ruolo`) VALUES ('studenteTest2692@studenti.unisa.it', '123123123', 'Studente');
INSERT INTO `libra`.`Studente` (`utenteEmail`, `cognome`, `matricola`, `nome`) VALUES ('studenteTest2692@studenti.unisa.it', 'Test2692', '051210112692', 'Studente');
INSERT INTO `libra`.`ProgettoFormativo` (`id`, `ambito`, `periodoReport`, `stato`, `aziendaEmail`, `studenteEmail`, `tutorInternoEmail`, `dataInizio`) VALUES ('2692', 'J2EE', '7', '4', 'admin@asus.it', 'studenteTest2692@studenti.unisa.it', 'tutor@unisa.it', '20171010');
INSERT INTO `libra`.`Utente` (`email`, `password`, `ruolo`) VALUES ('studenteTest2702@studenti.unisa.it', '123123123', 'Studente');
INSERT INTO `libra`.`Studente` (`utenteEmail`, `cognome`, `matricola`, `nome`) VALUES ('studenteTest2702@studenti.unisa.it', 'Test2702', '051210112702', 'Studente');
INSERT INTO `libra`.`ProgettoFormativo` (`id`, `ambito`, `periodoReport`, `stato`, `aziendaEmail`, `studenteEmail`, `tutorInternoEmail`, `dataInizio`) VALUES ('2702', 'J2EE', '7', '4', 'admin@asus.it', 'studenteTest2702@studenti.unisa.it', 'tutor@unisa.it', '20171110');
INSERT INTO `libra`.`Utente` (`email`, `password`, `ruolo`) VALUES ('studenteTest2712@studenti.unisa.it', '123123123', 'Studente');
INSERT INTO `libra`.`Studente` (`utenteEmail`, `cognome`, `matricola`, `nome`) VALUES ('studenteTest2712@studenti.unisa.it', 'Test2712', '051210112712', 'Studente');
INSERT INTO `libra`.`ProgettoFormativo` (`id`, `ambito`, `periodoReport`, `stato`, `aziendaEmail`, `studenteEmail`, `tutorInternoEmail`, `dataInizio`) VALUES ('2712', 'J2EE', '7', '4', 'admin@asus.it', 'studenteTest2712@studenti.unisa.it', 'tutor@unisa.it', '20171210');
INSERT INTO `libra`.`Utente` (`email`, `password`, `ruolo`) VALUES ('studenteTest2723@studenti.unisa.it', '123123123', 'Studente');
INSERT INTO `libra`.`Studente` (`utenteEmail`, `cognome`, `matricola`, `nome`) VALUES ('studenteTest2723@studenti.unisa.it', 'Test2723', '051210112723', 'Studente');
INSERT INTO `libra`.`ProgettoFormativo` (`id`, `ambito`, `periodoReport`, `stato`, `aziendaEmail`, `studenteEmail`, `tutorInternoEmail`, `dataInizio`) VALUES ('2723', 'J2EE', '7', '4', 'admin@asus.it', 'studenteTest2723@studenti.unisa.it', 'tutor@unisa.it', '20170910');
INSERT INTO `libra`.`Utente` (`email`, `password`, `ruolo`) VALUES ('studenteTest2733@studenti.unisa.it', '123123123', 'Studente');
INSERT INTO `libra`.`Studente` (`utenteEmail`, `cognome`, `matricola`, `nome`) VALUES ('studenteTest2733@studenti.unisa.it', 'Test2733', '051210112733', 'Studente');
INSERT INTO `libra`.`ProgettoFormativo` (`id`, `ambito`, `periodoReport`, `stato`, `aziendaEmail`, `studenteEmail`, `tutorInternoEmail`, `dataInizio`) VALUES ('2733', 'J2EE', '7', '4', 'admin@asus.it', 'studenteTest2733@studenti.unisa.it', 'tutor@unisa.it', '20171010');
INSERT INTO `libra`.`Utente` (`email`, `password`, `ruolo`) VALUES ('studenteTest2743@studenti.unisa.it', '123123123', 'Studente');
INSERT INTO `libra`.`Studente` (`utenteEmail`, `cognome`, `matricola`, `nome`) VALUES ('studenteTest2743@studenti.unisa.it', 'Test2743', '051210112743', 'Studente');
INSERT INTO `libra`.`ProgettoFormativo` (`id`, `ambito`, `periodoReport`, `stato`, `aziendaEmail`, `studenteEmail`, `tutorInternoEmail`, `dataInizio`) VALUES ('2743', 'J2EE', '7', '4', 'admin@asus.it', 'studenteTest2743@studenti.unisa.it', 'tutor@unisa.it', '20171110');
INSERT INTO `libra`.`Utente` (`email`, `password`, `ruolo`) VALUES ('studenteTest2753@studenti.unisa.it', '123123123', 'Studente');
INSERT INTO `libra`.`Studente` (`utenteEmail`, `cognome`, `matricola`, `nome`) VALUES ('studenteTest2753@studenti.unisa.it', 'Test2753', '051210112753', 'Studente');
INSERT INTO `libra`.`ProgettoFormativo` (`id`, `ambito`, `periodoReport`, `stato`, `aziendaEmail`, `studenteEmail`, `tutorInternoEmail`, `dataInizio`) VALUES ('2753', 'J2EE', '7', '4', 'admin@asus.it', 'studenteTest2753@studenti.unisa.it', 'tutor@unisa.it', '20171210');
INSERT INTO `libra`.`Utente` (`email`, `password`, `ruolo`) VALUES ('studenteTest2764@studenti.unisa.it', '123123123', 'Studente');
INSERT INTO `libra`.`Studente` (`utenteEmail`, `cognome`, `matricola`, `nome`) VALUES ('studenteTest2764@studenti.unisa.it', 'Test2764', '051210112764', 'Studente');
INSERT INTO `libra`.`ProgettoFormativo` (`id`, `ambito`, `periodoReport`, `stato`, `aziendaEmail`, `studenteEmail`, `tutorInternoEmail`, `dataInizio`) VALUES ('2764', 'J2EE', '7', '4', 'admin@asus.it', 'studenteTest2764@studenti.unisa.it', 'tutor@unisa.it', '20170910');
INSERT INTO `libra`.`Utente` (`email`, `password`, `ruolo`) VALUES ('studenteTest2774@studenti.unisa.it', '123123123', 'Studente');
INSERT INTO `libra`.`Studente` (`utenteEmail`, `cognome`, `matricola`, `nome`) VALUES ('studenteTest2774@studenti.unisa.it', 'Test2774', '051210112774', 'Studente');
INSERT INTO `libra`.`ProgettoFormativo` (`id`, `ambito`, `periodoReport`, `stato`, `aziendaEmail`, `studenteEmail`, `tutorInternoEmail`, `dataInizio`) VALUES ('2774', 'J2EE', '7', '4', 'admin@asus.it', 'studenteTest2774@studenti.unisa.it', 'tutor@unisa.it', '20171010');
INSERT INTO `libra`.`Utente` (`email`, `password`, `ruolo`) VALUES ('studenteTest2784@studenti.unisa.it', '123123123', 'Studente');
INSERT INTO `libra`.`Studente` (`utenteEmail`, `cognome`, `matricola`, `nome`) VALUES ('studenteTest2784@studenti.unisa.it', 'Test2784', '051210112784', 'Studente');
INSERT INTO `libra`.`ProgettoFormativo` (`id`, `ambito`, `periodoReport`, `stato`, `aziendaEmail`, `studenteEmail`, `tutorInternoEmail`, `dataInizio`) VALUES ('2784', 'J2EE', '7', '4', 'admin@asus.it', 'studenteTest2784@studenti.unisa.it', 'tutor@unisa.it', '20171110');
INSERT INTO `libra`.`Utente` (`email`, `password`, `ruolo`) VALUES ('studenteTest2794@studenti.unisa.it', '123123123', 'Studente');
INSERT INTO `libra`.`Studente` (`utenteEmail`, `cognome`, `matricola`, `nome`) VALUES ('studenteTest2794@studenti.unisa.it', 'Test2794', '051210112794', 'Studente');
INSERT INTO `libra`.`ProgettoFormativo` (`id`, `ambito`, `periodoReport`, `stato`, `aziendaEmail`, `studenteEmail`, `tutorInternoEmail`, `dataInizio`) VALUES ('2794', 'J2EE', '7', '4', 'admin@asus.it', 'studenteTest2794@studenti.unisa.it', 'tutor@unisa.it', '20171210');
INSERT INTO `libra`.`Utente` (`email`, `password`, `ruolo`) VALUES ('studenteTest2805@studenti.unisa.it', '123123123', 'Studente');
INSERT INTO `libra`.`Studente` (`utenteEmail`, `cognome`, `matricola`, `nome`) VALUES ('studenteTest2805@studenti.unisa.it', 'Test2805', '051210112805', 'Studente');
INSERT INTO `libra`.`ProgettoFormativo` (`id`, `ambito`, `periodoReport`, `stato`, `aziendaEmail`, `studenteEmail`, `tutorInternoEmail`, `dataInizio`) VALUES ('2805', 'J2EE', '7', '4', 'admin@asus.it', 'studenteTest2805@studenti.unisa.it', 'tutor@unisa.it', '20170910');
INSERT INTO `libra`.`Utente` (`email`, `password`, `ruolo`) VALUES ('studenteTest2815@studenti.unisa.it', '123123123', 'Studente');
INSERT INTO `libra`.`Studente` (`utenteEmail`, `cognome`, `matricola`, `nome`) VALUES ('studenteTest2815@studenti.unisa.it', 'Test2815', '051210112815', 'Studente');
INSERT INTO `libra`.`ProgettoFormativo` (`id`, `ambito`, `periodoReport`, `stato`, `aziendaEmail`, `studenteEmail`, `tutorInternoEmail`, `dataInizio`) VALUES ('2815', 'J2EE', '7', '4', 'admin@asus.it', 'studenteTest2815@studenti.unisa.it', 'tutor@unisa.it', '20171010');
INSERT INTO `libra`.`Utente` (`email`, `password`, `ruolo`) VALUES ('studenteTest2825@studenti.unisa.it', '123123123', 'Studente');
INSERT INTO `libra`.`Studente` (`utenteEmail`, `cognome`, `matricola`, `nome`) VALUES ('studenteTest2825@studenti.unisa.it', 'Test2825', '051210112825', 'Studente');
INSERT INTO `libra`.`ProgettoFormativo` (`id`, `ambito`, `periodoReport`, `stato`, `aziendaEmail`, `studenteEmail`, `tutorInternoEmail`, `dataInizio`) VALUES ('2825', 'J2EE', '7', '4', 'admin@asus.it', 'studenteTest2825@studenti.unisa.it', 'tutor@unisa.it', '20171110');
INSERT INTO `libra`.`Utente` (`email`, `password`, `ruolo`) VALUES ('studenteTest2835@studenti.unisa.it', '123123123', 'Studente');
INSERT INTO `libra`.`Studente` (`utenteEmail`, `cognome`, `matricola`, `nome`) VALUES ('studenteTest2835@studenti.unisa.it', 'Test2835', '051210112835', 'Studente');
INSERT INTO `libra`.`ProgettoFormativo` (`id`, `ambito`, `periodoReport`, `stato`, `aziendaEmail`, `studenteEmail`, `tutorInternoEmail`, `dataInizio`) VALUES ('2835', 'J2EE', '7', '4', 'admin@asus.it', 'studenteTest2835@studenti.unisa.it', 'tutor@unisa.it', '20171210');
INSERT INTO `libra`.`Utente` (`email`, `password`, `ruolo`) VALUES ('studenteTest2846@studenti.unisa.it', '123123123', 'Studente');
INSERT INTO `libra`.`Studente` (`utenteEmail`, `cognome`, `matricola`, `nome`) VALUES ('studenteTest2846@studenti.unisa.it', 'Test2846', '051210112846', 'Studente');
INSERT INTO `libra`.`ProgettoFormativo` (`id`, `ambito`, `periodoReport`, `stato`, `aziendaEmail`, `studenteEmail`, `tutorInternoEmail`, `dataInizio`) VALUES ('2846', 'J2EE', '7', '4', 'admin@asus.it', 'studenteTest2846@studenti.unisa.it', 'tutor@unisa.it', '20170910');
INSERT INTO `libra`.`Utente` (`email`, `password`, `ruolo`) VALUES ('studenteTest2856@studenti.unisa.it', '123123123', 'Studente');
INSERT INTO `libra`.`Studente` (`utenteEmail`, `cognome`, `matricola`, `nome`) VALUES ('studenteTest2856@studenti.unisa.it', 'Test2856', '051210112856', 'Studente');
INSERT INTO `libra`.`ProgettoFormativo` (`id`, `ambito`, `periodoReport`, `stato`, `aziendaEmail`, `studenteEmail`, `tutorInternoEmail`, `dataInizio`) VALUES ('2856', 'J2EE', '7', '4', 'admin@asus.it', 'studenteTest2856@studenti.unisa.it', 'tutor@unisa.it', '20171010');
INSERT INTO `libra`.`Utente` (`email`, `password`, `ruolo`) VALUES ('studenteTest2866@studenti.unisa.it', '123123123', 'Studente');
INSERT INTO `libra`.`Studente` (`utenteEmail`, `cognome`, `matricola`, `nome`) VALUES ('studenteTest2866@studenti.unisa.it', 'Test2866', '051210112866', 'Studente');
INSERT INTO `libra`.`ProgettoFormativo` (`id`, `ambito`, `periodoReport`, `stato`, `aziendaEmail`, `studenteEmail`, `tutorInternoEmail`, `dataInizio`) VALUES ('2866', 'J2EE', '7', '4', 'admin@asus.it', 'studenteTest2866@studenti.unisa.it', 'tutor@unisa.it', '20171110');
INSERT INTO `libra`.`Utente` (`email`, `password`, `ruolo`) VALUES ('studenteTest2876@studenti.unisa.it', '123123123', 'Studente');
INSERT INTO `libra`.`Studente` (`utenteEmail`, `cognome`, `matricola`, `nome`) VALUES ('studenteTest2876@studenti.unisa.it', 'Test2876', '051210112876', 'Studente');
INSERT INTO `libra`.`ProgettoFormativo` (`id`, `ambito`, `periodoReport`, `stato`, `aziendaEmail`, `studenteEmail`, `tutorInternoEmail`, `dataInizio`) VALUES ('2876', 'J2EE', '7', '4', 'admin@asus.it', 'studenteTest2876@studenti.unisa.it', 'tutor@unisa.it', '20171210');
INSERT INTO `libra`.`Utente` (`email`, `password`, `ruolo`) VALUES ('studenteTest2887@studenti.unisa.it', '123123123', 'Studente');
INSERT INTO `libra`.`Studente` (`utenteEmail`, `cognome`, `matricola`, `nome`) VALUES ('studenteTest2887@studenti.unisa.it', 'Test2887', '051210112887', 'Studente');
INSERT INTO `libra`.`ProgettoFormativo` (`id`, `ambito`, `periodoReport`, `stato`, `aziendaEmail`, `studenteEmail`, `tutorInternoEmail`, `dataInizio`) VALUES ('2887', 'J2EE', '7', '4', 'admin@asus.it', 'studenteTest2887@studenti.unisa.it', 'tutor@unisa.it', '20170910');
INSERT INTO `libra`.`Utente` (`email`, `password`, `ruolo`) VALUES ('studenteTest2897@studenti.unisa.it', '123123123', 'Studente');
INSERT INTO `libra`.`Studente` (`utenteEmail`, `cognome`, `matricola`, `nome`) VALUES ('studenteTest2897@studenti.unisa.it', 'Test2897', '051210112897', 'Studente');
INSERT INTO `libra`.`ProgettoFormativo` (`id`, `ambito`, `periodoReport`, `stato`, `aziendaEmail`, `studenteEmail`, `tutorInternoEmail`, `dataInizio`) VALUES ('2897', 'J2EE', '7', '4', 'admin@asus.it', 'studenteTest2897@studenti.unisa.it', 'tutor@unisa.it', '20171010');
INSERT INTO `libra`.`Utente` (`email`, `password`, `ruolo`) VALUES ('studenteTest2907@studenti.unisa.it', '123123123', 'Studente');
INSERT INTO `libra`.`Studente` (`utenteEmail`, `cognome`, `matricola`, `nome`) VALUES ('studenteTest2907@studenti.unisa.it', 'Test2907', '051210112907', 'Studente');
INSERT INTO `libra`.`ProgettoFormativo` (`id`, `ambito`, `periodoReport`, `stato`, `aziendaEmail`, `studenteEmail`, `tutorInternoEmail`, `dataInizio`) VALUES ('2907', 'J2EE', '7', '4', 'admin@asus.it', 'studenteTest2907@studenti.unisa.it', 'tutor@unisa.it', '20171110');
INSERT INTO `libra`.`Utente` (`email`, `password`, `ruolo`) VALUES ('studenteTest2917@studenti.unisa.it', '123123123', 'Studente');
INSERT INTO `libra`.`Studente` (`utenteEmail`, `cognome`, `matricola`, `nome`) VALUES ('studenteTest2917@studenti.unisa.it', 'Test2917', '051210112917', 'Studente');
INSERT INTO `libra`.`ProgettoFormativo` (`id`, `ambito`, `periodoReport`, `stato`, `aziendaEmail`, `studenteEmail`, `tutorInternoEmail`, `dataInizio`) VALUES ('2917', 'J2EE', '7', '4', 'admin@asus.it', 'studenteTest2917@studenti.unisa.it', 'tutor@unisa.it', '20171210');
INSERT INTO `libra`.`Utente` (`email`, `password`, `ruolo`) VALUES ('studenteTest2928@studenti.unisa.it', '123123123', 'Studente');
INSERT INTO `libra`.`Studente` (`utenteEmail`, `cognome`, `matricola`, `nome`) VALUES ('studenteTest2928@studenti.unisa.it', 'Test2928', '051210112928', 'Studente');
INSERT INTO `libra`.`ProgettoFormativo` (`id`, `ambito`, `periodoReport`, `stato`, `aziendaEmail`, `studenteEmail`, `tutorInternoEmail`, `dataInizio`) VALUES ('2928', 'J2EE', '7', '4', 'admin@asus.it', 'studenteTest2928@studenti.unisa.it', 'tutor@unisa.it', '20170910');
INSERT INTO `libra`.`Utente` (`email`, `password`, `ruolo`) VALUES ('studenteTest2938@studenti.unisa.it', '123123123', 'Studente');
INSERT INTO `libra`.`Studente` (`utenteEmail`, `cognome`, `matricola`, `nome`) VALUES ('studenteTest2938@studenti.unisa.it', 'Test2938', '051210112938', 'Studente');
INSERT INTO `libra`.`ProgettoFormativo` (`id`, `ambito`, `periodoReport`, `stato`, `aziendaEmail`, `studenteEmail`, `tutorInternoEmail`, `dataInizio`) VALUES ('2938', 'J2EE', '7', '4', 'admin@asus.it', 'studenteTest2938@studenti.unisa.it', 'tutor@unisa.it', '20171010');
INSERT INTO `libra`.`Utente` (`email`, `password`, `ruolo`) VALUES ('studenteTest2948@studenti.unisa.it', '123123123', 'Studente');
INSERT INTO `libra`.`Studente` (`utenteEmail`, `cognome`, `matricola`, `nome`) VALUES ('studenteTest2948@studenti.unisa.it', 'Test2948', '051210112948', 'Studente');
INSERT INTO `libra`.`ProgettoFormativo` (`id`, `ambito`, `periodoReport`, `stato`, `aziendaEmail`, `studenteEmail`, `tutorInternoEmail`, `dataInizio`) VALUES ('2948', 'J2EE', '7', '4', 'admin@asus.it', 'studenteTest2948@studenti.unisa.it', 'tutor@unisa.it', '20171110');
INSERT INTO `libra`.`Utente` (`email`, `password`, `ruolo`) VALUES ('studenteTest2958@studenti.unisa.it', '123123123', 'Studente');
INSERT INTO `libra`.`Studente` (`utenteEmail`, `cognome`, `matricola`, `nome`) VALUES ('studenteTest2958@studenti.unisa.it', 'Test2958', '051210112958', 'Studente');
INSERT INTO `libra`.`ProgettoFormativo` (`id`, `ambito`, `periodoReport`, `stato`, `aziendaEmail`, `studenteEmail`, `tutorInternoEmail`, `dataInizio`) VALUES ('2958', 'J2EE', '7', '4', 'admin@asus.it', 'studenteTest2958@studenti.unisa.it', 'tutor@unisa.it', '20171210');
INSERT INTO `libra`.`Utente` (`email`, `password`, `ruolo`) VALUES ('studenteTest2969@studenti.unisa.it', '123123123', 'Studente');
INSERT INTO `libra`.`Studente` (`utenteEmail`, `cognome`, `matricola`, `nome`) VALUES ('studenteTest2969@studenti.unisa.it', 'Test2969', '051210112969', 'Studente');
INSERT INTO `libra`.`ProgettoFormativo` (`id`, `ambito`, `periodoReport`, `stato`, `aziendaEmail`, `studenteEmail`, `tutorInternoEmail`, `dataInizio`) VALUES ('2969', 'J2EE', '7', '4', 'admin@asus.it', 'studenteTest2969@studenti.unisa.it', 'tutor@unisa.it', '20170910');
INSERT INTO `libra`.`Utente` (`email`, `password`, `ruolo`) VALUES ('studenteTest2979@studenti.unisa.it', '123123123', 'Studente');
INSERT INTO `libra`.`Studente` (`utenteEmail`, `cognome`, `matricola`, `nome`) VALUES ('studenteTest2979@studenti.unisa.it', 'Test2979', '051210112979', 'Studente');
INSERT INTO `libra`.`ProgettoFormativo` (`id`, `ambito`, `periodoReport`, `stato`, `aziendaEmail`, `studenteEmail`, `tutorInternoEmail`, `dataInizio`) VALUES ('2979', 'J2EE', '7', '4', 'admin@asus.it', 'studenteTest2979@studenti.unisa.it', 'tutor@unisa.it', '20171010');
INSERT INTO `libra`.`Utente` (`email`, `password`, `ruolo`) VALUES ('studenteTest2989@studenti.unisa.it', '123123123', 'Studente');
INSERT INTO `libra`.`Studente` (`utenteEmail`, `cognome`, `matricola`, `nome`) VALUES ('studenteTest2989@studenti.unisa.it', 'Test2989', '051210112989', 'Studente');
INSERT INTO `libra`.`ProgettoFormativo` (`id`, `ambito`, `periodoReport`, `stato`, `aziendaEmail`, `studenteEmail`, `tutorInternoEmail`, `dataInizio`) VALUES ('2989', 'J2EE', '7', '4', 'admin@asus.it', 'studenteTest2989@studenti.unisa.it', 'tutor@unisa.it', '20171110');
INSERT INTO `libra`.`Utente` (`email`, `password`, `ruolo`) VALUES ('studenteTest2999@studenti.unisa.it', '123123123', 'Studente');
INSERT INTO `libra`.`Studente` (`utenteEmail`, `cognome`, `matricola`, `nome`) VALUES ('studenteTest2999@studenti.unisa.it', 'Test2999', '051210112999', 'Studente');
INSERT INTO `libra`.`ProgettoFormativo` (`id`, `ambito`, `periodoReport`, `stato`, `aziendaEmail`, `studenteEmail`, `tutorInternoEmail`, `dataInizio`) VALUES ('2999', 'J2EE', '7', '4', 'admin@asus.it', 'studenteTest2999@studenti.unisa.it', 'tutor@unisa.it', '20171210');
INSERT INTO `libra`.`Utente` (`email`, `password`, `ruolo`) VALUES ('studenteTest3000@studenti.unisa.it', '123123123', 'Studente');
INSERT INTO `libra`.`Studente` (`utenteEmail`, `cognome`, `matricola`, `nome`) VALUES ('studenteTest3000@studenti.unisa.it', 'Test3000', '051210113000', 'Studente');
INSERT INTO `libra`.`ProgettoFormativo` (`id`, `ambito`, `periodoReport`, `stato`, `aziendaEmail`, `studenteEmail`, `tutorInternoEmail`, `dataInizio`) VALUES ('3000', 'J2EE', '7', '4', 'admin@microsoft.it', 'studenteTest3000@studenti.unisa.it', 'tutor@unisa.it', '20170910');
INSERT INTO `libra`.`Utente` (`email`, `password`, `ruolo`) VALUES ('studenteTest3010@studenti.unisa.it', '123123123', 'Studente');
INSERT INTO `libra`.`Studente` (`utenteEmail`, `cognome`, `matricola`, `nome`) VALUES ('studenteTest3010@studenti.unisa.it', 'Test3010', '051210113010', 'Studente');
INSERT INTO `libra`.`ProgettoFormativo` (`id`, `ambito`, `periodoReport`, `stato`, `aziendaEmail`, `studenteEmail`, `tutorInternoEmail`, `dataInizio`) VALUES ('3010', 'J2EE', '7', '4', 'admin@microsoft.it', 'studenteTest3010@studenti.unisa.it', 'tutor@unisa.it', '20171010');
INSERT INTO `libra`.`Utente` (`email`, `password`, `ruolo`) VALUES ('studenteTest3020@studenti.unisa.it', '123123123', 'Studente');
INSERT INTO `libra`.`Studente` (`utenteEmail`, `cognome`, `matricola`, `nome`) VALUES ('studenteTest3020@studenti.unisa.it', 'Test3020', '051210113020', 'Studente');
INSERT INTO `libra`.`ProgettoFormativo` (`id`, `ambito`, `periodoReport`, `stato`, `aziendaEmail`, `studenteEmail`, `tutorInternoEmail`, `dataInizio`) VALUES ('3020', 'J2EE', '7', '4', 'admin@microsoft.it', 'studenteTest3020@studenti.unisa.it', 'tutor@unisa.it', '20171110');
INSERT INTO `libra`.`Utente` (`email`, `password`, `ruolo`) VALUES ('studenteTest3030@studenti.unisa.it', '123123123', 'Studente');
INSERT INTO `libra`.`Studente` (`utenteEmail`, `cognome`, `matricola`, `nome`) VALUES ('studenteTest3030@studenti.unisa.it', 'Test3030', '051210113030', 'Studente');
INSERT INTO `libra`.`ProgettoFormativo` (`id`, `ambito`, `periodoReport`, `stato`, `aziendaEmail`, `studenteEmail`, `tutorInternoEmail`, `dataInizio`) VALUES ('3030', 'J2EE', '7', '4', 'admin@microsoft.it', 'studenteTest3030@studenti.unisa.it', 'tutor@unisa.it', '20171210');
INSERT INTO `libra`.`Utente` (`email`, `password`, `ruolo`) VALUES ('studenteTest3041@studenti.unisa.it', '123123123', 'Studente');
INSERT INTO `libra`.`Studente` (`utenteEmail`, `cognome`, `matricola`, `nome`) VALUES ('studenteTest3041@studenti.unisa.it', 'Test3041', '051210113041', 'Studente');
INSERT INTO `libra`.`ProgettoFormativo` (`id`, `ambito`, `periodoReport`, `stato`, `aziendaEmail`, `studenteEmail`, `tutorInternoEmail`, `dataInizio`) VALUES ('3041', 'J2EE', '7', '4', 'admin@microsoft.it', 'studenteTest3041@studenti.unisa.it', 'tutor@unisa.it', '20170910');
INSERT INTO `libra`.`Utente` (`email`, `password`, `ruolo`) VALUES ('studenteTest3051@studenti.unisa.it', '123123123', 'Studente');
INSERT INTO `libra`.`Studente` (`utenteEmail`, `cognome`, `matricola`, `nome`) VALUES ('studenteTest3051@studenti.unisa.it', 'Test3051', '051210113051', 'Studente');
INSERT INTO `libra`.`ProgettoFormativo` (`id`, `ambito`, `periodoReport`, `stato`, `aziendaEmail`, `studenteEmail`, `tutorInternoEmail`, `dataInizio`) VALUES ('3051', 'J2EE', '7', '4', 'admin@microsoft.it', 'studenteTest3051@studenti.unisa.it', 'tutor@unisa.it', '20171010');
INSERT INTO `libra`.`Utente` (`email`, `password`, `ruolo`) VALUES ('studenteTest3061@studenti.unisa.it', '123123123', 'Studente');
INSERT INTO `libra`.`Studente` (`utenteEmail`, `cognome`, `matricola`, `nome`) VALUES ('studenteTest3061@studenti.unisa.it', 'Test3061', '051210113061', 'Studente');
INSERT INTO `libra`.`ProgettoFormativo` (`id`, `ambito`, `periodoReport`, `stato`, `aziendaEmail`, `studenteEmail`, `tutorInternoEmail`, `dataInizio`) VALUES ('3061', 'J2EE', '7', '4', 'admin@microsoft.it', 'studenteTest3061@studenti.unisa.it', 'tutor@unisa.it', '20171110');
INSERT INTO `libra`.`Utente` (`email`, `password`, `ruolo`) VALUES ('studenteTest3071@studenti.unisa.it', '123123123', 'Studente');
INSERT INTO `libra`.`Studente` (`utenteEmail`, `cognome`, `matricola`, `nome`) VALUES ('studenteTest3071@studenti.unisa.it', 'Test3071', '051210113071', 'Studente');
INSERT INTO `libra`.`ProgettoFormativo` (`id`, `ambito`, `periodoReport`, `stato`, `aziendaEmail`, `studenteEmail`, `tutorInternoEmail`, `dataInizio`) VALUES ('3071', 'J2EE', '7', '4', 'admin@microsoft.it', 'studenteTest3071@studenti.unisa.it', 'tutor@unisa.it', '20171210');
INSERT INTO `libra`.`Utente` (`email`, `password`, `ruolo`) VALUES ('studenteTest3082@studenti.unisa.it', '123123123', 'Studente');
INSERT INTO `libra`.`Studente` (`utenteEmail`, `cognome`, `matricola`, `nome`) VALUES ('studenteTest3082@studenti.unisa.it', 'Test3082', '051210113082', 'Studente');
INSERT INTO `libra`.`ProgettoFormativo` (`id`, `ambito`, `periodoReport`, `stato`, `aziendaEmail`, `studenteEmail`, `tutorInternoEmail`, `dataInizio`) VALUES ('3082', 'J2EE', '7', '4', 'admin@microsoft.it', 'studenteTest3082@studenti.unisa.it', 'tutor@unisa.it', '20170910');
INSERT INTO `libra`.`Utente` (`email`, `password`, `ruolo`) VALUES ('studenteTest3092@studenti.unisa.it', '123123123', 'Studente');
INSERT INTO `libra`.`Studente` (`utenteEmail`, `cognome`, `matricola`, `nome`) VALUES ('studenteTest3092@studenti.unisa.it', 'Test3092', '051210113092', 'Studente');
INSERT INTO `libra`.`ProgettoFormativo` (`id`, `ambito`, `periodoReport`, `stato`, `aziendaEmail`, `studenteEmail`, `tutorInternoEmail`, `dataInizio`) VALUES ('3092', 'J2EE', '7', '4', 'admin@microsoft.it', 'studenteTest3092@studenti.unisa.it', 'tutor@unisa.it', '20171010');
INSERT INTO `libra`.`Utente` (`email`, `password`, `ruolo`) VALUES ('studenteTest3102@studenti.unisa.it', '123123123', 'Studente');
INSERT INTO `libra`.`Studente` (`utenteEmail`, `cognome`, `matricola`, `nome`) VALUES ('studenteTest3102@studenti.unisa.it', 'Test3102', '051210113102', 'Studente');
INSERT INTO `libra`.`ProgettoFormativo` (`id`, `ambito`, `periodoReport`, `stato`, `aziendaEmail`, `studenteEmail`, `tutorInternoEmail`, `dataInizio`) VALUES ('3102', 'J2EE', '7', '4', 'admin@microsoft.it', 'studenteTest3102@studenti.unisa.it', 'tutor@unisa.it', '20171110');
INSERT INTO `libra`.`Utente` (`email`, `password`, `ruolo`) VALUES ('studenteTest3112@studenti.unisa.it', '123123123', 'Studente');
INSERT INTO `libra`.`Studente` (`utenteEmail`, `cognome`, `matricola`, `nome`) VALUES ('studenteTest3112@studenti.unisa.it', 'Test3112', '051210113112', 'Studente');
INSERT INTO `libra`.`ProgettoFormativo` (`id`, `ambito`, `periodoReport`, `stato`, `aziendaEmail`, `studenteEmail`, `tutorInternoEmail`, `dataInizio`) VALUES ('3112', 'J2EE', '7', '4', 'admin@microsoft.it', 'studenteTest3112@studenti.unisa.it', 'tutor@unisa.it', '20171210');
INSERT INTO `libra`.`Utente` (`email`, `password`, `ruolo`) VALUES ('studenteTest3123@studenti.unisa.it', '123123123', 'Studente');
INSERT INTO `libra`.`Studente` (`utenteEmail`, `cognome`, `matricola`, `nome`) VALUES ('studenteTest3123@studenti.unisa.it', 'Test3123', '051210113123', 'Studente');
INSERT INTO `libra`.`ProgettoFormativo` (`id`, `ambito`, `periodoReport`, `stato`, `aziendaEmail`, `studenteEmail`, `tutorInternoEmail`, `dataInizio`) VALUES ('3123', 'J2EE', '7', '4', 'admin@microsoft.it', 'studenteTest3123@studenti.unisa.it', 'tutor@unisa.it', '20170910');
INSERT INTO `libra`.`Utente` (`email`, `password`, `ruolo`) VALUES ('studenteTest3133@studenti.unisa.it', '123123123', 'Studente');
INSERT INTO `libra`.`Studente` (`utenteEmail`, `cognome`, `matricola`, `nome`) VALUES ('studenteTest3133@studenti.unisa.it', 'Test3133', '051210113133', 'Studente');
INSERT INTO `libra`.`ProgettoFormativo` (`id`, `ambito`, `periodoReport`, `stato`, `aziendaEmail`, `studenteEmail`, `tutorInternoEmail`, `dataInizio`) VALUES ('3133', 'J2EE', '7', '4', 'admin@microsoft.it', 'studenteTest3133@studenti.unisa.it', 'tutor@unisa.it', '20171010');
INSERT INTO `libra`.`Utente` (`email`, `password`, `ruolo`) VALUES ('studenteTest3143@studenti.unisa.it', '123123123', 'Studente');
INSERT INTO `libra`.`Studente` (`utenteEmail`, `cognome`, `matricola`, `nome`) VALUES ('studenteTest3143@studenti.unisa.it', 'Test3143', '051210113143', 'Studente');
INSERT INTO `libra`.`ProgettoFormativo` (`id`, `ambito`, `periodoReport`, `stato`, `aziendaEmail`, `studenteEmail`, `tutorInternoEmail`, `dataInizio`) VALUES ('3143', 'J2EE', '7', '4', 'admin@microsoft.it', 'studenteTest3143@studenti.unisa.it', 'tutor@unisa.it', '20171110');
INSERT INTO `libra`.`Utente` (`email`, `password`, `ruolo`) VALUES ('studenteTest3153@studenti.unisa.it', '123123123', 'Studente');
INSERT INTO `libra`.`Studente` (`utenteEmail`, `cognome`, `matricola`, `nome`) VALUES ('studenteTest3153@studenti.unisa.it', 'Test3153', '051210113153', 'Studente');
INSERT INTO `libra`.`ProgettoFormativo` (`id`, `ambito`, `periodoReport`, `stato`, `aziendaEmail`, `studenteEmail`, `tutorInternoEmail`, `dataInizio`) VALUES ('3153', 'J2EE', '7', '4', 'admin@microsoft.it', 'studenteTest3153@studenti.unisa.it', 'tutor@unisa.it', '20171210');
INSERT INTO `libra`.`Utente` (`email`, `password`, `ruolo`) VALUES ('studenteTest3164@studenti.unisa.it', '123123123', 'Studente');
INSERT INTO `libra`.`Studente` (`utenteEmail`, `cognome`, `matricola`, `nome`) VALUES ('studenteTest3164@studenti.unisa.it', 'Test3164', '051210113164', 'Studente');
INSERT INTO `libra`.`ProgettoFormativo` (`id`, `ambito`, `periodoReport`, `stato`, `aziendaEmail`, `studenteEmail`, `tutorInternoEmail`, `dataInizio`) VALUES ('3164', 'J2EE', '7', '4', 'admin@microsoft.it', 'studenteTest3164@studenti.unisa.it', 'tutor@unisa.it', '20170910');
INSERT INTO `libra`.`Utente` (`email`, `password`, `ruolo`) VALUES ('studenteTest3174@studenti.unisa.it', '123123123', 'Studente');
INSERT INTO `libra`.`Studente` (`utenteEmail`, `cognome`, `matricola`, `nome`) VALUES ('studenteTest3174@studenti.unisa.it', 'Test3174', '051210113174', 'Studente');
INSERT INTO `libra`.`ProgettoFormativo` (`id`, `ambito`, `periodoReport`, `stato`, `aziendaEmail`, `studenteEmail`, `tutorInternoEmail`, `dataInizio`) VALUES ('3174', 'J2EE', '7', '4', 'admin@microsoft.it', 'studenteTest3174@studenti.unisa.it', 'tutor@unisa.it', '20171010');
INSERT INTO `libra`.`Utente` (`email`, `password`, `ruolo`) VALUES ('studenteTest3184@studenti.unisa.it', '123123123', 'Studente');
INSERT INTO `libra`.`Studente` (`utenteEmail`, `cognome`, `matricola`, `nome`) VALUES ('studenteTest3184@studenti.unisa.it', 'Test3184', '051210113184', 'Studente');
INSERT INTO `libra`.`ProgettoFormativo` (`id`, `ambito`, `periodoReport`, `stato`, `aziendaEmail`, `studenteEmail`, `tutorInternoEmail`, `dataInizio`) VALUES ('3184', 'J2EE', '7', '4', 'admin@microsoft.it', 'studenteTest3184@studenti.unisa.it', 'tutor@unisa.it', '20171110');
INSERT INTO `libra`.`Utente` (`email`, `password`, `ruolo`) VALUES ('studenteTest3194@studenti.unisa.it', '123123123', 'Studente');
INSERT INTO `libra`.`Studente` (`utenteEmail`, `cognome`, `matricola`, `nome`) VALUES ('studenteTest3194@studenti.unisa.it', 'Test3194', '051210113194', 'Studente');
INSERT INTO `libra`.`ProgettoFormativo` (`id`, `ambito`, `periodoReport`, `stato`, `aziendaEmail`, `studenteEmail`, `tutorInternoEmail`, `dataInizio`) VALUES ('3194', 'J2EE', '7', '4', 'admin@microsoft.it', 'studenteTest3194@studenti.unisa.it', 'tutor@unisa.it', '20171210');
INSERT INTO `libra`.`Utente` (`email`, `password`, `ruolo`) VALUES ('studenteTest3205@studenti.unisa.it', '123123123', 'Studente');
INSERT INTO `libra`.`Studente` (`utenteEmail`, `cognome`, `matricola`, `nome`) VALUES ('studenteTest3205@studenti.unisa.it', 'Test3205', '051210113205', 'Studente');
INSERT INTO `libra`.`ProgettoFormativo` (`id`, `ambito`, `periodoReport`, `stato`, `aziendaEmail`, `studenteEmail`, `tutorInternoEmail`, `dataInizio`) VALUES ('3205', 'J2EE', '7', '4', 'admin@microsoft.it', 'studenteTest3205@studenti.unisa.it', 'tutor@unisa.it', '20170910');
INSERT INTO `libra`.`Utente` (`email`, `password`, `ruolo`) VALUES ('studenteTest3215@studenti.unisa.it', '123123123', 'Studente');
INSERT INTO `libra`.`Studente` (`utenteEmail`, `cognome`, `matricola`, `nome`) VALUES ('studenteTest3215@studenti.unisa.it', 'Test3215', '051210113215', 'Studente');
INSERT INTO `libra`.`ProgettoFormativo` (`id`, `ambito`, `periodoReport`, `stato`, `aziendaEmail`, `studenteEmail`, `tutorInternoEmail`, `dataInizio`) VALUES ('3215', 'J2EE', '7', '4', 'admin@microsoft.it', 'studenteTest3215@studenti.unisa.it', 'tutor@unisa.it', '20171010');
INSERT INTO `libra`.`Utente` (`email`, `password`, `ruolo`) VALUES ('studenteTest3225@studenti.unisa.it', '123123123', 'Studente');
INSERT INTO `libra`.`Studente` (`utenteEmail`, `cognome`, `matricola`, `nome`) VALUES ('studenteTest3225@studenti.unisa.it', 'Test3225', '051210113225', 'Studente');
INSERT INTO `libra`.`ProgettoFormativo` (`id`, `ambito`, `periodoReport`, `stato`, `aziendaEmail`, `studenteEmail`, `tutorInternoEmail`, `dataInizio`) VALUES ('3225', 'J2EE', '7', '4', 'admin@microsoft.it', 'studenteTest3225@studenti.unisa.it', 'tutor@unisa.it', '20171110');
INSERT INTO `libra`.`Utente` (`email`, `password`, `ruolo`) VALUES ('studenteTest3235@studenti.unisa.it', '123123123', 'Studente');
INSERT INTO `libra`.`Studente` (`utenteEmail`, `cognome`, `matricola`, `nome`) VALUES ('studenteTest3235@studenti.unisa.it', 'Test3235', '051210113235', 'Studente');
INSERT INTO `libra`.`ProgettoFormativo` (`id`, `ambito`, `periodoReport`, `stato`, `aziendaEmail`, `studenteEmail`, `tutorInternoEmail`, `dataInizio`) VALUES ('3235', 'J2EE', '7', '4', 'admin@microsoft.it', 'studenteTest3235@studenti.unisa.it', 'tutor@unisa.it', '20171210');
INSERT INTO `libra`.`Utente` (`email`, `password`, `ruolo`) VALUES ('studenteTest3246@studenti.unisa.it', '123123123', 'Studente');
INSERT INTO `libra`.`Studente` (`utenteEmail`, `cognome`, `matricola`, `nome`) VALUES ('studenteTest3246@studenti.unisa.it', 'Test3246', '051210113246', 'Studente');
INSERT INTO `libra`.`ProgettoFormativo` (`id`, `ambito`, `periodoReport`, `stato`, `aziendaEmail`, `studenteEmail`, `tutorInternoEmail`, `dataInizio`) VALUES ('3246', 'J2EE', '7', '4', 'admin@microsoft.it', 'studenteTest3246@studenti.unisa.it', 'tutor@unisa.it', '20170910');
INSERT INTO `libra`.`Utente` (`email`, `password`, `ruolo`) VALUES ('studenteTest3256@studenti.unisa.it', '123123123', 'Studente');
INSERT INTO `libra`.`Studente` (`utenteEmail`, `cognome`, `matricola`, `nome`) VALUES ('studenteTest3256@studenti.unisa.it', 'Test3256', '051210113256', 'Studente');
INSERT INTO `libra`.`ProgettoFormativo` (`id`, `ambito`, `periodoReport`, `stato`, `aziendaEmail`, `studenteEmail`, `tutorInternoEmail`, `dataInizio`) VALUES ('3256', 'J2EE', '7', '4', 'admin@microsoft.it', 'studenteTest3256@studenti.unisa.it', 'tutor@unisa.it', '20171010');
INSERT INTO `libra`.`Utente` (`email`, `password`, `ruolo`) VALUES ('studenteTest3266@studenti.unisa.it', '123123123', 'Studente');
INSERT INTO `libra`.`Studente` (`utenteEmail`, `cognome`, `matricola`, `nome`) VALUES ('studenteTest3266@studenti.unisa.it', 'Test3266', '051210113266', 'Studente');
INSERT INTO `libra`.`ProgettoFormativo` (`id`, `ambito`, `periodoReport`, `stato`, `aziendaEmail`, `studenteEmail`, `tutorInternoEmail`, `dataInizio`) VALUES ('3266', 'J2EE', '7', '4', 'admin@microsoft.it', 'studenteTest3266@studenti.unisa.it', 'tutor@unisa.it', '20171110');
INSERT INTO `libra`.`Utente` (`email`, `password`, `ruolo`) VALUES ('studenteTest3276@studenti.unisa.it', '123123123', 'Studente');
INSERT INTO `libra`.`Studente` (`utenteEmail`, `cognome`, `matricola`, `nome`) VALUES ('studenteTest3276@studenti.unisa.it', 'Test3276', '051210113276', 'Studente');
INSERT INTO `libra`.`ProgettoFormativo` (`id`, `ambito`, `periodoReport`, `stato`, `aziendaEmail`, `studenteEmail`, `tutorInternoEmail`, `dataInizio`) VALUES ('3276', 'J2EE', '7', '4', 'admin@microsoft.it', 'studenteTest3276@studenti.unisa.it', 'tutor@unisa.it', '20171210');
INSERT INTO `libra`.`Utente` (`email`, `password`, `ruolo`) VALUES ('studenteTest3287@studenti.unisa.it', '123123123', 'Studente');
INSERT INTO `libra`.`Studente` (`utenteEmail`, `cognome`, `matricola`, `nome`) VALUES ('studenteTest3287@studenti.unisa.it', 'Test3287', '051210113287', 'Studente');
INSERT INTO `libra`.`ProgettoFormativo` (`id`, `ambito`, `periodoReport`, `stato`, `aziendaEmail`, `studenteEmail`, `tutorInternoEmail`, `dataInizio`) VALUES ('3287', 'J2EE', '7', '4', 'admin@microsoft.it', 'studenteTest3287@studenti.unisa.it', 'tutor@unisa.it', '20170910');
INSERT INTO `libra`.`Utente` (`email`, `password`, `ruolo`) VALUES ('studenteTest3297@studenti.unisa.it', '123123123', 'Studente');
INSERT INTO `libra`.`Studente` (`utenteEmail`, `cognome`, `matricola`, `nome`) VALUES ('studenteTest3297@studenti.unisa.it', 'Test3297', '051210113297', 'Studente');
INSERT INTO `libra`.`ProgettoFormativo` (`id`, `ambito`, `periodoReport`, `stato`, `aziendaEmail`, `studenteEmail`, `tutorInternoEmail`, `dataInizio`) VALUES ('3297', 'J2EE', '7', '4', 'admin@microsoft.it', 'studenteTest3297@studenti.unisa.it', 'tutor@unisa.it', '20171010');
INSERT INTO `libra`.`Utente` (`email`, `password`, `ruolo`) VALUES ('studenteTest3307@studenti.unisa.it', '123123123', 'Studente');
INSERT INTO `libra`.`Studente` (`utenteEmail`, `cognome`, `matricola`, `nome`) VALUES ('studenteTest3307@studenti.unisa.it', 'Test3307', '051210113307', 'Studente');
INSERT INTO `libra`.`ProgettoFormativo` (`id`, `ambito`, `periodoReport`, `stato`, `aziendaEmail`, `studenteEmail`, `tutorInternoEmail`, `dataInizio`) VALUES ('3307', 'J2EE', '7', '4', 'admin@microsoft.it', 'studenteTest3307@studenti.unisa.it', 'tutor@unisa.it', '20171110');
INSERT INTO `libra`.`Utente` (`email`, `password`, `ruolo`) VALUES ('studenteTest3317@studenti.unisa.it', '123123123', 'Studente');
INSERT INTO `libra`.`Studente` (`utenteEmail`, `cognome`, `matricola`, `nome`) VALUES ('studenteTest3317@studenti.unisa.it', 'Test3317', '051210113317', 'Studente');
INSERT INTO `libra`.`ProgettoFormativo` (`id`, `ambito`, `periodoReport`, `stato`, `aziendaEmail`, `studenteEmail`, `tutorInternoEmail`, `dataInizio`) VALUES ('3317', 'J2EE', '7', '4', 'admin@microsoft.it', 'studenteTest3317@studenti.unisa.it', 'tutor@unisa.it', '20171210');
INSERT INTO `libra`.`Utente` (`email`, `password`, `ruolo`) VALUES ('studenteTest3328@studenti.unisa.it', '123123123', 'Studente');
INSERT INTO `libra`.`Studente` (`utenteEmail`, `cognome`, `matricola`, `nome`) VALUES ('studenteTest3328@studenti.unisa.it', 'Test3328', '051210113328', 'Studente');
INSERT INTO `libra`.`ProgettoFormativo` (`id`, `ambito`, `periodoReport`, `stato`, `aziendaEmail`, `studenteEmail`, `tutorInternoEmail`, `dataInizio`) VALUES ('3328', 'J2EE', '7', '4', 'admin@microsoft.it', 'studenteTest3328@studenti.unisa.it', 'tutor@unisa.it', '20170910');
INSERT INTO `libra`.`Utente` (`email`, `password`, `ruolo`) VALUES ('studenteTest3338@studenti.unisa.it', '123123123', 'Studente');
INSERT INTO `libra`.`Studente` (`utenteEmail`, `cognome`, `matricola`, `nome`) VALUES ('studenteTest3338@studenti.unisa.it', 'Test3338', '051210113338', 'Studente');
INSERT INTO `libra`.`ProgettoFormativo` (`id`, `ambito`, `periodoReport`, `stato`, `aziendaEmail`, `studenteEmail`, `tutorInternoEmail`, `dataInizio`) VALUES ('3338', 'J2EE', '7', '4', 'admin@microsoft.it', 'studenteTest3338@studenti.unisa.it', 'tutor@unisa.it', '20171010');
INSERT INTO `libra`.`Utente` (`email`, `password`, `ruolo`) VALUES ('studenteTest3348@studenti.unisa.it', '123123123', 'Studente');
INSERT INTO `libra`.`Studente` (`utenteEmail`, `cognome`, `matricola`, `nome`) VALUES ('studenteTest3348@studenti.unisa.it', 'Test3348', '051210113348', 'Studente');
INSERT INTO `libra`.`ProgettoFormativo` (`id`, `ambito`, `periodoReport`, `stato`, `aziendaEmail`, `studenteEmail`, `tutorInternoEmail`, `dataInizio`) VALUES ('3348', 'J2EE', '7', '4', 'admin@microsoft.it', 'studenteTest3348@studenti.unisa.it', 'tutor@unisa.it', '20171110');
INSERT INTO `libra`.`Utente` (`email`, `password`, `ruolo`) VALUES ('studenteTest3358@studenti.unisa.it', '123123123', 'Studente');
INSERT INTO `libra`.`Studente` (`utenteEmail`, `cognome`, `matricola`, `nome`) VALUES ('studenteTest3358@studenti.unisa.it', 'Test3358', '051210113358', 'Studente');
INSERT INTO `libra`.`ProgettoFormativo` (`id`, `ambito`, `periodoReport`, `stato`, `aziendaEmail`, `studenteEmail`, `tutorInternoEmail`, `dataInizio`) VALUES ('3358', 'J2EE', '7', '4', 'admin@microsoft.it', 'studenteTest3358@studenti.unisa.it', 'tutor@unisa.it', '20171210');
INSERT INTO `libra`.`Utente` (`email`, `password`, `ruolo`) VALUES ('studenteTest3369@studenti.unisa.it', '123123123', 'Studente');
INSERT INTO `libra`.`Studente` (`utenteEmail`, `cognome`, `matricola`, `nome`) VALUES ('studenteTest3369@studenti.unisa.it', 'Test3369', '051210113369', 'Studente');
INSERT INTO `libra`.`ProgettoFormativo` (`id`, `ambito`, `periodoReport`, `stato`, `aziendaEmail`, `studenteEmail`, `tutorInternoEmail`, `dataInizio`) VALUES ('3369', 'J2EE', '7', '4', 'admin@microsoft.it', 'studenteTest3369@studenti.unisa.it', 'tutor@unisa.it', '20170910');
INSERT INTO `libra`.`Utente` (`email`, `password`, `ruolo`) VALUES ('studenteTest3379@studenti.unisa.it', '123123123', 'Studente');
INSERT INTO `libra`.`Studente` (`utenteEmail`, `cognome`, `matricola`, `nome`) VALUES ('studenteTest3379@studenti.unisa.it', 'Test3379', '051210113379', 'Studente');
INSERT INTO `libra`.`ProgettoFormativo` (`id`, `ambito`, `periodoReport`, `stato`, `aziendaEmail`, `studenteEmail`, `tutorInternoEmail`, `dataInizio`) VALUES ('3379', 'J2EE', '7', '4', 'admin@microsoft.it', 'studenteTest3379@studenti.unisa.it', 'tutor@unisa.it', '20171010');
INSERT INTO `libra`.`Utente` (`email`, `password`, `ruolo`) VALUES ('studenteTest3389@studenti.unisa.it', '123123123', 'Studente');
INSERT INTO `libra`.`Studente` (`utenteEmail`, `cognome`, `matricola`, `nome`) VALUES ('studenteTest3389@studenti.unisa.it', 'Test3389', '051210113389', 'Studente');
INSERT INTO `libra`.`ProgettoFormativo` (`id`, `ambito`, `periodoReport`, `stato`, `aziendaEmail`, `studenteEmail`, `tutorInternoEmail`, `dataInizio`) VALUES ('3389', 'J2EE', '7', '4', 'admin@microsoft.it', 'studenteTest3389@studenti.unisa.it', 'tutor@unisa.it', '20171110');
INSERT INTO `libra`.`Utente` (`email`, `password`, `ruolo`) VALUES ('studenteTest3399@studenti.unisa.it', '123123123', 'Studente');
INSERT INTO `libra`.`Studente` (`utenteEmail`, `cognome`, `matricola`, `nome`) VALUES ('studenteTest3399@studenti.unisa.it', 'Test3399', '051210113399', 'Studente');
INSERT INTO `libra`.`ProgettoFormativo` (`id`, `ambito`, `periodoReport`, `stato`, `aziendaEmail`, `studenteEmail`, `tutorInternoEmail`, `dataInizio`) VALUES ('3399', 'J2EE', '7', '4', 'admin@microsoft.it', 'studenteTest3399@studenti.unisa.it', 'tutor@unisa.it', '20171210');
